,month,year,region,id,acoustic,dance,energy,instrumental,loudness,mode,tempo,valence,explicit,emotions,emotions_id,unemployment
0,1,2017,United States,0SGkqnVQo9KPytSri1H6cF,0.106,0.78,0.575,0.0,-5.628,0.0,81.502,0.273,True,annoyance,1,4.7
1,1,2017,United States,343YBumqHu19cGoGARUTsd,0.105,0.928,0.481,0.0,-9.35,0.0,134.007,0.613,True,neutral,2,4.7
2,1,2017,United States,4Km5HrUvYTaSUfiSGPJeQR,0.0611,0.926,0.666,0.0,-5.314,1.0,127.079,0.168,True,neutral,2,4.7
3,1,2017,United States,5aAx2yezTd8zXrkmtKl66Z,0.165,0.681,0.594,3.49e-06,-7.028,1.0,186.054,0.535,True,love,0,4.7
4,1,2017,United States,3NdDpSvN911VPGivFlV5d0,0.0631,0.735,0.451,1.3e-05,-8.374,1.0,117.973,0.0862,False,sadness,1,4.7
5,2,2017,United States,0SGkqnVQo9KPytSri1H6cF,0.106,0.78,0.575,0.0,-5.628,0.0,81.502,0.273,True,annoyance,1,4.6
6,2,2017,United States,2EEeOnHehOozLq4aS0n6SL,0.378,0.746,0.653,0.0,-6.745,1.0,75.016,0.672,True,annoyance,1,4.6
7,2,2017,United States,3NdDpSvN911VPGivFlV5d0,0.0631,0.735,0.451,1.3e-05,-8.374,1.0,117.973,0.0862,False,sadness,1,4.6
8,2,2017,United States,4Km5HrUvYTaSUfiSGPJeQR,0.0611,0.926,0.666,0.0,-5.314,1.0,127.079,0.168,True,neutral,2,4.6
9,2,2017,United States,7qiZfU4dY1lWllzX7mPBI3,0.581,0.825,0.652,0.0,-3.183,0.0,95.977,0.931,False,neutral,2,4.6
10,3,2017,United States,7qiZfU4dY1lWllzX7mPBI3,0.581,0.825,0.652,0.0,-3.183,0.0,95.977,0.931,False,neutral,2,4.4
11,3,2017,United States,0KKkJNfGyhkQ5aFogxQAPU,0.013,0.853,0.56,0.0,-4.961,1.0,134.066,0.86,False,neutral,2,4.4
12,3,2017,United States,2EEeOnHehOozLq4aS0n6SL,0.378,0.746,0.653,0.0,-6.745,1.0,75.016,0.672,True,annoyance,1,4.4
13,3,2017,United States,4Q3N4Ct4zCuIHuZ65E3BD4,0.0576,0.497,0.489,9.91e-05,-7.724,0.0,171.853,0.231,True,neutral,2,4.4
14,3,2017,United States,3rOSwuTsUlJp0Pu0MkN8r8,0.0102,0.833,0.434,0.0219,-8.795,1.0,150.062,0.281,True,neutral,2,4.4
15,4,2017,United States,7KXjTSCq5nL1LoYtL7XAwS,0.000282,0.908,0.621,5.39e-05,-6.638,0.0,150.011,0.421,True,neutral,2,4.4
16,4,2017,United States,3rOSwuTsUlJp0Pu0MkN8r8,0.0102,0.833,0.434,0.0219,-8.795,1.0,150.062,0.281,True,neutral,2,4.4
17,4,2017,United States,2eMwDehkIC1j68U6FA3Eiq,0.00264,0.732,0.75,0.0,-6.366,0.0,155.096,0.401,True,neutral,2,4.4
18,4,2017,United States,7hDc8b7IXETo14hHIHdnhd,0.256,0.809,0.463,0.085,-11.377,1.0,111.98,0.364,True,annoyance,1,4.4
19,4,2017,United States,2EEeOnHehOozLq4aS0n6SL,0.378,0.746,0.653,0.0,-6.745,1.0,75.016,0.672,True,annoyance,1,4.4
20,5,2017,United States,2eMwDehkIC1j68U6FA3Eiq,0.00264,0.732,0.75,0.0,-6.366,0.0,155.096,0.401,True,neutral,2,4.4
21,5,2017,United States,3rOSwuTsUlJp0Pu0MkN8r8,0.0102,0.833,0.434,0.0219,-8.795,1.0,150.062,0.281,True,neutral,2,4.4
22,5,2017,United States,6HZILIRieu8S0iqY8kIKhj,0.00454,0.638,0.523,0.0,-6.664,1.0,139.913,0.422,True,neutral,2,4.4
23,5,2017,United States,72Q0FQQo32KJloivv5xge2,0.0533,0.599,0.667,0.0,-4.267,1.0,80.984,0.817,True,neutral,2,4.4
24,5,2017,United States,7KXjTSCq5nL1LoYtL7XAwS,0.000282,0.908,0.621,5.39e-05,-6.638,0.0,150.011,0.421,True,neutral,2,4.4
25,6,2017,United States,2eMwDehkIC1j68U6FA3Eiq,0.00264,0.732,0.75,0.0,-6.366,0.0,155.096,0.401,True,neutral,2,4.3
26,6,2017,United States,3a1lNhkSLSkpJE4MSHpDu9,0.215,0.63,0.804,0.0,-4.183,1.0,123.146,0.492,True,neutral,2,4.3
27,6,2017,United States,5CtI0qwDJkDQGwXD1H1cLb,0.229,0.694,0.815,0.0,-4.328,1.0,88.931,0.813,False,love,0,4.3
28,6,2017,United States,7KXjTSCq5nL1LoYtL7XAwS,0.000282,0.908,0.621,5.39e-05,-6.638,0.0,150.011,0.421,True,neutral,2,4.3
29,6,2017,United States,3kxfsdsCpFgN412fpnW85Y,0.172,0.745,0.356,0.00943,-10.425,1.0,160.033,0.607,True,disappointment,1,4.3
30,7,2017,United States,1OAh8uOEOvTDqkKFsKksCi,0.0329,0.671,0.672,0.0,-3.094,0.0,97.979,0.632,True,neutral,2,4.3
31,7,2017,United States,2eMwDehkIC1j68U6FA3Eiq,0.00264,0.732,0.75,0.0,-6.366,0.0,155.096,0.401,True,neutral,2,4.3
32,7,2017,United States,3DXncPQOG4VBw3QHh3S817,0.0552,0.609,0.668,0.0,-4.284,1.0,80.924,0.811,True,neutral,2,4.3
33,7,2017,United States,3a1lNhkSLSkpJE4MSHpDu9,0.215,0.63,0.804,0.0,-4.183,1.0,123.146,0.492,True,neutral,2,4.3
34,7,2017,United States,5CtI0qwDJkDQGwXD1H1cLb,0.229,0.694,0.815,0.0,-4.328,1.0,88.931,0.813,False,love,0,4.3
35,8,2017,United States,3B54sVLJ402zGa6Xm4YGNe,0.0293,0.726,0.769,0.0101,-5.043,1.0,97.985,0.733,True,neutral,2,4.4
36,8,2017,United States,5eqK0tbzUPo2SoeZsov04s,0.015,0.884,0.347,7e-06,-8.227,0.0,75.016,0.376,True,neutral,2,4.4
37,8,2017,United States,7KXjTSCq5nL1LoYtL7XAwS,0.000282,0.908,0.621,5.39e-05,-6.638,0.0,150.011,0.421,True,neutral,2,4.4
38,8,2017,United States,1OAh8uOEOvTDqkKFsKksCi,0.0329,0.671,0.672,0.0,-3.094,0.0,97.979,0.632,True,neutral,2,4.4
39,8,2017,United States,2eMwDehkIC1j68U6FA3Eiq,0.00264,0.732,0.75,0.0,-6.366,0.0,155.096,0.401,True,neutral,2,4.4
40,9,2017,United States,2771LMNxwf62FTAdpJMQfM,0.0672,0.929,0.723,0.0,-5.792,0.0,125.022,0.458,True,neutral,2,4.3
41,9,2017,United States,5Z3GHaZ6ec9bsiI5BenrbY,0.199,0.799,0.539,1.66e-05,-6.351,1.0,136.948,0.394,False,love,0,4.3
42,9,2017,United States,5tz69p7tJuGPeMGwNTxYuV,0.569,0.62,0.574,0.0,-7.788,0.0,100.023,0.357,True,desire,2,4.3
43,9,2017,United States,7GX5flRQZVHRAGd6B4TmDO,0.00264,0.732,0.75,0.0,-6.366,0.0,155.096,0.401,True,neutral,2,4.3
44,9,2017,United States,3B54sVLJ402zGa6Xm4YGNe,0.0293,0.726,0.769,0.0101,-5.043,1.0,97.985,0.733,True,neutral,2,4.3
45,10,2017,United States,2fQrGHiQOvpL9UgPvtYy6G,0.015,0.884,0.347,7e-06,-8.227,0.0,75.016,0.376,True,neutral,2,4.2
46,10,2017,United States,5tz69p7tJuGPeMGwNTxYuV,0.569,0.62,0.574,0.0,-7.788,0.0,100.023,0.357,True,desire,2,4.2
47,10,2017,United States,2771LMNxwf62FTAdpJMQfM,0.0672,0.929,0.723,0.0,-5.792,0.0,125.022,0.458,True,neutral,2,4.2
48,10,2017,United States,75ZvA4QfFiZvzhj2xkaWAh,0.0689,0.556,0.538,0.0,-5.408,0.0,143.95,0.291,True,sadness,1,4.2
49,10,2017,United States,5Z3GHaZ6ec9bsiI5BenrbY,0.199,0.799,0.539,1.66e-05,-6.351,1.0,136.948,0.394,False,love,0,4.2
50,11,2017,United States,0ofbQMrRDsUaVKq2mGLEAb,0.186,0.768,0.517,3.8e-05,-4.323,0.0,104.992,0.418,False,neutral,2,4.2
51,11,2017,United States,2fQrGHiQOvpL9UgPvtYy6G,0.015,0.884,0.347,7e-06,-8.227,0.0,75.016,0.376,True,neutral,2,4.2
52,11,2017,United States,43ZyHQITOjhciSUUNPVRHc,0.239,0.936,0.523,0.0,-6.71,1.0,119.889,0.699,True,anger,1,4.2
53,11,2017,United States,75ZvA4QfFiZvzhj2xkaWAh,0.0689,0.556,0.538,0.0,-5.408,0.0,143.95,0.291,True,sadness,1,4.2
54,11,2017,United States,7wGoVu4Dady5GV0Sv4UIsx,0.13,0.577,0.522,9.03e-05,-6.594,0.0,159.772,0.119,True,neutral,2,4.2
55,12,2017,United States,7wGoVu4Dady5GV0Sv4UIsx,0.13,0.577,0.522,9.03e-05,-6.594,0.0,159.772,0.119,True,neutral,2,4.1
56,12,2017,United States,43ZyHQITOjhciSUUNPVRHc,0.239,0.936,0.523,0.0,-6.71,1.0,119.889,0.699,True,anger,1,4.1
57,12,2017,United States,75ZvA4QfFiZvzhj2xkaWAh,0.0689,0.556,0.538,0.0,-5.408,0.0,143.95,0.291,True,sadness,1,4.1
58,12,2017,United States,42CeaId2XNlxugDvyqHfDf,0.633,0.765,0.688,0.0,-5.566,1.0,90.013,0.434,True,annoyance,1,4.1
59,12,2017,United States,7sO5G9EABYOXQKNPNiE9NR,0.149,0.88,0.428,5.05e-05,-8.28,1.0,100.007,0.333,True,neutral,2,4.1
60,1,2018,United States,7wGoVu4Dady5GV0Sv4UIsx,0.13,0.577,0.522,9.03e-05,-6.594,0.0,159.772,0.119,True,neutral,2,4.0
61,1,2018,United States,7sO5G9EABYOXQKNPNiE9NR,0.149,0.88,0.428,5.05e-05,-8.28,1.0,100.007,0.333,True,neutral,2,4.0
62,1,2018,United States,75ZvA4QfFiZvzhj2xkaWAh,0.0689,0.556,0.538,0.0,-5.408,0.0,143.95,0.291,True,sadness,1,4.0
63,1,2018,United States,2DQ1ITjI0YoLFzuADN1ZBW,0.0117,0.838,0.771,0.0,-3.791,1.0,175.957,0.405,True,neutral,2,4.0
64,1,2018,United States,3Vo4wInECJQuz9BIBMOu8i,0.0185,0.704,0.859,0.0,-4.877,0.0,105.115,0.926,False,love,0,4.0
65,2,2018,United States,2UVbBKQOdFAekPTRsnkzcf,0.00263,0.817,0.816,0.0,-5.402,1.0,181.982,0.508,True,neutral,2,4.1
66,2,2018,United States,2XW4DbS6NddZxRPm5rMCeY,0.0309,0.758,0.448,8.67e-05,-9.441,1.0,77.176,0.373,True,love,0,4.1
67,2,2018,United States,6tHWl8ows5JOZq9Yfaqn3M,0.014,0.716,0.805,3.1e-06,-3.839,1.0,142.886,0.719,True,admiration,0,4.1
68,2,2018,United States,4ofvoCdXq99vpMZO4Cfp8x,0.0805,0.728,0.668,1.49e-05,-5.02,1.0,100.537,0.162,True,neutral,2,4.1
69,2,2018,United States,4qKcDkK6siZ7Jp1Jb4m0aL,0.00104,0.922,0.581,5.86e-05,-7.495,1.0,140.022,0.595,True,neutral,2,4.1
70,3,2018,United States,2XW4DbS6NddZxRPm5rMCeY,0.0309,0.758,0.448,8.67e-05,-9.441,1.0,77.176,0.373,True,love,0,4.0
71,3,2018,United States,4qKcDkK6siZ7Jp1Jb4m0aL,0.00104,0.922,0.581,5.86e-05,-7.495,1.0,140.022,0.595,True,neutral,2,4.0
72,3,2018,United States,65NwOZqoXny4JxqAPlfxRF,0.566,0.74,0.558,0.0,-8.115,1.0,140.057,0.421,True,neutral,2,4.0
73,3,2018,United States,3GCdLUSnKSMJhs4Tj6CV3s,0.0605,0.698,0.633,0.000194,-4.946,1.0,96.924,0.552,True,anger,1,4.0
74,3,2018,United States,2UVbBKQOdFAekPTRsnkzcf,0.00263,0.817,0.816,0.0,-5.402,1.0,181.982,0.508,True,neutral,2,4.0
75,4,2018,United States,2XW4DbS6NddZxRPm5rMCeY,0.0309,0.758,0.448,8.67e-05,-9.441,1.0,77.176,0.373,True,love,0,4.0
76,4,2018,United States,1cTZMwcBJT0Ka3UJPXOeeN,0.0934,0.567,0.913,0.000124,-6.471,1.0,93.35,0.792,True,neutral,2,4.0
77,4,2018,United States,65NwOZqoXny4JxqAPlfxRF,0.566,0.74,0.558,0.0,-8.115,1.0,140.057,0.421,True,neutral,2,4.0
78,4,2018,United States,4qKcDkK6siZ7Jp1Jb4m0aL,0.00104,0.922,0.581,5.86e-05,-7.495,1.0,140.022,0.595,True,neutral,2,4.0
79,4,2018,United States,1gm616Plq4ScqNi7TVkZ5N,0.218,0.489,0.598,0.0,-4.929,1.0,134.045,0.172,False,neutral,2,4.0
80,5,2018,United States,1cTZMwcBJT0Ka3UJPXOeeN,0.0934,0.567,0.913,0.000124,-6.471,1.0,93.35,0.792,True,neutral,2,3.8
81,5,2018,United States,3swc6WTsr7rl9DqQKQA55C,0.546,0.75,0.56,0.0,-8.094,1.0,140.06,0.459,True,neutral,2,3.8
82,5,2018,United States,7dt6x5M1jzdTEt8oCbisTK,0.331,0.68,0.578,0.0,-5.804,1.0,145.038,0.341,True,disappointment,1,3.8
83,5,2018,United States,2XW4DbS6NddZxRPm5rMCeY,0.0309,0.758,0.448,8.67e-05,-9.441,1.0,77.176,0.373,True,love,0,3.8
84,5,2018,United States,4qKcDkK6siZ7Jp1Jb4m0aL,0.00104,0.922,0.581,5.86e-05,-7.495,1.0,140.022,0.595,True,neutral,2,3.8
85,6,2018,United States,0X8DcetL926BYiPJYstJTc,0.349,0.511,0.566,0.0,-7.23,0.0,83.903,0.218,True,love,0,4.0
86,6,2018,United States,6vN77lE9LK6HP2DewaN6HZ,0.0355,0.963,0.346,0.0,-9.309,0.0,119.957,0.562,True,neutral,2,4.0
87,6,2018,United States,7dt6x5M1jzdTEt8oCbisTK,0.331,0.68,0.578,0.0,-5.804,1.0,145.038,0.341,True,disappointment,1,4.0
88,6,2018,United States,1cTZMwcBJT0Ka3UJPXOeeN,0.0934,0.567,0.913,0.000124,-6.471,1.0,93.35,0.792,True,neutral,2,4.0
89,6,2018,United States,58q2HKrzhC3ozto2nDdN4z,0.099,0.816,0.726,0.0,-3.998,0.0,136.048,0.65,True,love,0,4.0
90,7,2018,United States,3ee8Jmje8o58CHK66QrVC2,0.258,0.74,0.613,0.00372,-4.88,1.0,75.023,0.473,True,love,0,3.8
91,7,2018,United States,58q2HKrzhC3ozto2nDdN4z,0.099,0.816,0.726,0.0,-3.998,0.0,136.048,0.65,True,love,0,3.8
92,7,2018,United States,0JP9xo3adEtGSdUEISiszL,0.556,0.921,0.537,0.00404,-5.723,0.0,128.009,0.711,True,annoyance,1,3.8
93,7,2018,United States,5IaHrVsrferBYDm0bDyABy,0.0236,0.884,0.559,0.0,-7.442,1.0,97.994,0.342,True,neutral,2,3.8
94,7,2018,United States,0bAkKNCQfWkexHFn7fIKns,0.00623,0.735,0.482,0.0144,-9.445,1.0,181.995,0.315,True,love,0,3.8
95,8,2018,United States,2G7V7zsVDxg1yRsu7Ew9RJ,0.0589,0.835,0.626,6e-05,-5.833,1.0,91.03,0.35,True,love,0,3.8
96,8,2018,United States,2E124GmJRnBJuXbTb4cPUB,0.088,0.931,0.387,0.0,-9.127,1.0,125.978,0.376,True,neutral,2,3.8
97,8,2018,United States,0s3nnoMeVWz3989MkNQiRf,0.349,0.511,0.566,0.0,-7.23,0.0,83.903,0.218,True,love,0,3.8
98,8,2018,United States,2xLMifQCjDGFmkHkpNLD9h,0.00513,0.834,0.73,0.0,-3.714,1.0,155.008,0.446,True,neutral,2,3.8
99,8,2018,United States,3ee8Jmje8o58CHK66QrVC2,0.258,0.74,0.613,0.00372,-4.88,1.0,75.023,0.473,True,love,0,3.8
100,9,2018,United States,2xLMifQCjDGFmkHkpNLD9h,0.00513,0.834,0.73,0.0,-3.714,1.0,155.008,0.446,True,neutral,2,3.7
101,9,2018,United States,0s3nnoMeVWz3989MkNQiRf,0.349,0.511,0.566,0.0,-7.23,0.0,83.903,0.218,True,love,0,3.7
102,9,2018,United States,2E124GmJRnBJuXbTb4cPUB,0.088,0.931,0.387,0.0,-9.127,1.0,125.978,0.376,True,neutral,2,3.7
103,9,2018,United States,60SdxE8apGAxMiRrpbmLY0,0.0627,0.876,0.786,0.0,-4.884,0.0,153.068,0.575,True,neutral,2,3.7
104,10,2018,United States,2xLMifQCjDGFmkHkpNLD9h,0.00513,0.834,0.73,0.0,-3.714,1.0,155.008,0.446,True,neutral,2,3.8
105,10,2018,United States,1xzBco0xcoJEDXktl7Jxrr,0.194,0.729,0.625,0.00986,-5.266,1.0,146.034,0.261,True,amusement,0,3.8
106,10,2018,United States,78QR3Wp35dqAhFEc2qAGjE,0.0852,0.897,0.662,0.0,-6.903,0.0,112.511,0.389,True,neutral,2,3.8
107,10,2018,United States,5p7ujcrUXASCNwRaWNHR1C,0.297,0.752,0.488,9.11e-06,-7.05,1.0,136.041,0.533,True,fear,1,3.8
108,10,2018,United States,0s3nnoMeVWz3989MkNQiRf,0.349,0.511,0.566,0.0,-7.23,0.0,83.903,0.218,True,love,0,3.8
109,11,2018,United States,1xzBco0xcoJEDXktl7Jxrr,0.194,0.729,0.625,0.00986,-5.266,1.0,146.034,0.261,True,amusement,0,3.8
110,11,2018,United States,2xLMifQCjDGFmkHkpNLD9h,0.00513,0.834,0.73,0.0,-3.714,1.0,155.008,0.446,True,neutral,2,3.8
111,11,2018,United States,5p7ujcrUXASCNwRaWNHR1C,0.297,0.752,0.488,9.11e-06,-7.05,1.0,136.041,0.533,True,fear,1,3.8
112,11,2018,United States,78QR3Wp35dqAhFEc2qAGjE,0.0852,0.897,0.662,0.0,-6.903,0.0,112.511,0.389,True,neutral,2,3.8
113,11,2018,United States,7l3E7lcozEodtVsSTCkcaA,0.0515,0.861,0.637,3.35e-06,-5.692,0.0,98.044,0.474,True,neutral,2,3.8
114,12,2018,United States,2xLMifQCjDGFmkHkpNLD9h,0.00513,0.834,0.73,0.0,-3.714,1.0,155.008,0.446,True,neutral,2,3.9
115,12,2018,United States,2IRZnDFmlqMuOrYOLnZZyc,0.259,0.889,0.496,0.0,-6.365,0.0,86.003,0.544,True,neutral,2,3.9
116,12,2018,United States,2rPE9A1vEgShuZxxzR2tZH,0.28,0.724,0.647,0.0,-5.642,1.0,106.96,0.435,True,gratitude,0,3.9
117,12,2018,United States,1xzBco0xcoJEDXktl7Jxrr,0.194,0.729,0.625,0.00986,-5.266,1.0,146.034,0.261,True,amusement,0,3.9
118,12,2018,United States,78QR3Wp35dqAhFEc2qAGjE,0.0852,0.897,0.662,0.0,-6.903,0.0,112.511,0.389,True,neutral,2,3.9
119,1,2019,United States,2IRZnDFmlqMuOrYOLnZZyc,0.259,0.889,0.496,0.0,-6.365,0.0,86.003,0.544,True,neutral,2,4.0
120,1,2019,United States,2xLMifQCjDGFmkHkpNLD9h,0.00513,0.834,0.73,0.0,-3.714,1.0,155.008,0.446,True,neutral,2,4.0
121,1,2019,United States,3KkXRkHbMCARz0aVfEt68P,0.556,0.76,0.479,0.0,-5.574,1.0,89.911,0.913,False,neutral,2,4.0
122,1,2019,United States,5p7ujcrUXASCNwRaWNHR1C,0.297,0.752,0.488,9.11e-06,-7.05,1.0,136.041,0.533,True,fear,1,4.0
123,1,2019,United States,6MWtB6iiXyIwun0YzU6DFP,0.163,0.833,0.539,2.1e-06,-7.399,0.0,99.947,0.385,True,neutral,2,4.0
124,2,2019,United States,6MWtB6iiXyIwun0YzU6DFP,0.163,0.833,0.539,2.1e-06,-7.399,0.0,99.947,0.385,True,neutral,2,3.8
125,2,2019,United States,2JvzF1RMd7lE3KmFlsyZD8,0.149,0.837,0.364,0.0,-11.713,1.0,123.984,0.463,True,love,0,3.8
126,2,2019,United States,2IRZnDFmlqMuOrYOLnZZyc,0.259,0.889,0.496,0.0,-6.365,0.0,86.003,0.544,True,neutral,2,3.8
127,2,2019,United States,4kV4N9D1iKVxx1KLvtTpjS,0.0421,0.726,0.554,0.0,-5.29,0.0,169.999,0.335,True,annoyance,1,3.8
128,2,2019,United States,6ocbgoVGwYJhOv1GgI9NsF,0.592,0.778,0.317,0.0,-10.732,0.0,140.048,0.327,True,neutral,2,3.8
129,3,2019,United States,2JvzF1RMd7lE3KmFlsyZD8,0.149,0.837,0.364,0.0,-11.713,1.0,123.984,0.463,True,love,0,3.8
130,3,2019,United States,4kV4N9D1iKVxx1KLvtTpjS,0.0421,0.726,0.554,0.0,-5.29,0.0,169.999,0.335,True,annoyance,1,3.8
131,3,2019,United States,4y3OI86AEP6PQoDE6olYhO,0.0427,0.842,0.734,0.0,-5.065,0.0,137.958,0.952,False,neutral,2,3.8
132,3,2019,United States,6MWtB6iiXyIwun0YzU6DFP,0.163,0.833,0.539,2.1e-06,-7.399,0.0,99.947,0.385,True,neutral,2,3.8
133,3,2019,United States,6ocbgoVGwYJhOv1GgI9NsF,0.592,0.778,0.317,0.0,-10.732,0.0,140.048,0.327,True,neutral,2,3.8
134,4,2019,United States,2Fxmhks0bxGSBdJ92vM42m,0.328,0.701,0.425,0.13,-10.965,1.0,135.128,0.562,False,love,0,3.7
135,4,2019,United States,2JvzF1RMd7lE3KmFlsyZD8,0.149,0.837,0.364,0.0,-11.713,1.0,123.984,0.463,True,love,0,3.7
136,4,2019,United States,3KkXRkHbMCARz0aVfEt68P,0.556,0.76,0.479,0.0,-5.574,1.0,89.911,0.913,False,neutral,2,3.7
137,4,2019,United States,53CJANUxooaqGOtdsBTh7O,0.0361,0.908,0.517,1.73e-06,-6.063,1.0,136.019,0.471,False,neutral,2,3.7
138,4,2019,United States,1wJRveJZLSb1rjhnUHQiv6,0.0153,0.581,0.662,0.0,-5.239,1.0,93.023,0.434,True,love,0,3.7
139,5,2019,United States,2Fxmhks0bxGSBdJ92vM42m,0.328,0.701,0.425,0.13,-10.965,1.0,135.128,0.562,False,love,0,3.6
140,5,2019,United States,6u7jPi22kF8CTQ3rb9DHE7,0.0533,0.878,0.619,0.0,-5.56,1.0,136.041,0.639,False,neutral,2,3.6
141,5,2019,United States,3KkXRkHbMCARz0aVfEt68P,0.556,0.76,0.479,0.0,-5.574,1.0,89.911,0.913,False,neutral,2,3.6
142,5,2019,United States,6LsAAHotRLMOHfCsSfYCsz,0.524,0.692,0.809,0.0,-4.198,1.0,123.911,0.864,False,sadness,1,3.6
143,5,2019,United States,5qmq61DAAOUaW8AUo8xKhh,0.11,0.715,0.624,0.0,-3.046,0.0,158.087,0.412,True,disappointment,1,3.6
144,6,2019,United States,2Fxmhks0bxGSBdJ92vM42m,0.328,0.701,0.425,0.13,-10.965,1.0,135.128,0.562,False,love,0,3.6
145,6,2019,United States,5qmq61DAAOUaW8AUo8xKhh,0.11,0.715,0.624,0.0,-3.046,0.0,158.087,0.412,True,disappointment,1,3.6
146,6,2019,United States,6u7jPi22kF8CTQ3rb9DHE7,0.0533,0.878,0.619,0.0,-5.56,1.0,136.041,0.639,False,neutral,2,3.6
147,6,2019,United States,7DcvwMAiqKJQD1rrdfxSDx,0.0247,0.796,0.586,0.0,-6.946,0.0,97.981,0.179,True,neutral,2,3.6
148,6,2019,United States,3HVWdVOQ0ZA45FuZGSfvns,0.0912,0.798,0.675,0.0,-5.041,1.0,101.956,0.842,False,love,0,3.6
149,7,2019,United States,5qmq61DAAOUaW8AUo8xKhh,0.11,0.715,0.624,0.0,-3.046,0.0,158.087,0.412,True,disappointment,1,3.7
150,7,2019,United States,5ry2OE6R2zPQFDO85XkgRb,0.101,0.831,0.502,0.0,-4.045,0.0,100.541,0.101,True,neutral,2,3.7
151,7,2019,United States,6fTt0CH2t0mdeB2N9XFG5r,0.342,0.703,0.594,0.0,-6.146,0.0,153.848,0.475,False,love,0,3.7
152,7,2019,United States,1kBbgxAUc4HQv7cgIayIDH,0.0204,0.745,0.642,0.0,-6.257,0.0,179.974,0.226,True,neutral,2,3.7
153,7,2019,United States,3KkXRkHbMCARz0aVfEt68P,0.556,0.76,0.479,0.0,-5.574,1.0,89.911,0.913,False,neutral,2,3.7
154,8,2019,United States,5qmq61DAAOUaW8AUo8xKhh,0.11,0.715,0.624,0.0,-3.046,0.0,158.087,0.412,True,disappointment,1,3.6
155,8,2019,United States,6v3KW9xbzN5yKLt9YKDYA2,0.0392,0.759,0.548,0.0,-6.049,0.0,116.967,0.749,False,love,0,3.6
156,8,2019,United States,1kBbgxAUc4HQv7cgIayIDH,0.0204,0.745,0.642,0.0,-6.257,0.0,179.974,0.226,True,neutral,2,3.6
157,8,2019,United States,6vBdBCoOhKHiYDDOcorfNo,0.447,0.58,0.653,0.0,-3.818,1.0,150.231,0.175,True,neutral,2,3.6
158,8,2019,United States,5ry2OE6R2zPQFDO85XkgRb,0.101,0.831,0.502,0.0,-4.045,0.0,100.541,0.101,True,neutral,2,3.6
159,9,2019,United States,6vBdBCoOhKHiYDDOcorfNo,0.447,0.58,0.653,0.0,-3.818,1.0,150.231,0.175,True,neutral,2,3.5
160,9,2019,United States,6EOKwHETwSkZ9gW2b6ASE0,0.0204,0.745,0.642,0.0,-6.257,0.0,179.974,0.226,True,neutral,2,3.5
161,9,2019,United States,5qmq61DAAOUaW8AUo8xKhh,0.11,0.715,0.624,0.0,-3.046,0.0,158.087,0.412,True,disappointment,1,3.5
162,9,2019,United States,21jGcNKet2qwijlDFuPiPb,0.192,0.695,0.762,0.00244,-3.497,1.0,120.042,0.553,False,disapproval,1,3.5
163,9,2019,United States,0RiRZpuVRbi7oqRdSMwhQY,0.533,0.755,0.522,0.0,-4.368,1.0,89.96,0.925,False,neutral,2,3.5
164,10,2019,United States,21jGcNKet2qwijlDFuPiPb,0.192,0.695,0.762,0.00244,-3.497,1.0,120.042,0.553,False,disapproval,1,3.6
165,10,2019,United States,3eekarcy7kvN4yt5ZFzltW,0.0546,0.598,0.427,5.83e-06,-8.764,0.0,76.469,0.0605,True,neutral,2,3.6
166,10,2019,United States,6Gg1gjgKi2AK4e0qzsR7sd,0.0687,0.474,0.631,0.0,-5.884,0.0,180.051,0.425,True,neutral,2,3.6
167,10,2019,United States,4sjiIpEv617LDXaidKioOI,0.0388,0.932,0.547,0.0,-7.787,0.0,94.998,0.695,True,neutral,2,3.6
168,10,2019,United States,7aiClxsDWFRQ0Kzk5KI5ku,0.128,0.778,0.559,0.0,-7.109,0.0,129.989,0.678,True,annoyance,1,3.6
169,11,2019,United States,21jGcNKet2qwijlDFuPiPb,0.192,0.695,0.762,0.00244,-3.497,1.0,120.042,0.553,False,disapproval,1,3.6
170,11,2019,United States,3eekarcy7kvN4yt5ZFzltW,0.0546,0.598,0.427,5.83e-06,-8.764,0.0,76.469,0.0605,True,neutral,2,3.6
171,11,2019,United States,6Gg1gjgKi2AK4e0qzsR7sd,0.0687,0.474,0.631,0.0,-5.884,0.0,180.051,0.425,True,neutral,2,3.6
172,11,2019,United States,1HfMVBKM75vxSfsQ5VefZ5,0.576,0.505,0.34,0.0,-9.005,1.0,101.993,0.0916,False,sadness,1,3.6
173,11,2019,United States,7aiClxsDWFRQ0Kzk5KI5ku,0.128,0.778,0.559,0.0,-7.109,0.0,129.989,0.678,True,annoyance,1,3.6
174,12,2019,United States,696DnlkuDOXcMAnKlTgXXK,0.0522,0.621,0.601,0.0,-5.616,0.0,116.735,0.457,True,neutral,2,3.6
175,12,2019,United States,21jGcNKet2qwijlDFuPiPb,0.192,0.695,0.762,0.00244,-3.497,1.0,120.042,0.553,False,disapproval,1,3.6
176,12,2019,United States,6Gg1gjgKi2AK4e0qzsR7sd,0.0687,0.474,0.631,0.0,-5.884,0.0,180.051,0.425,True,neutral,2,3.6
177,12,2019,United States,6Ozh9Ok6h4Oi1wUSLtBseN,0.189,0.769,0.787,0.0,-3.909,1.0,126.77,0.836,True,neutral,2,3.6
178,12,2019,United States,4TnjEaWOeW0eKTKIEvJyCa,0.123,0.785,0.431,0.0,-8.756,0.0,127.085,0.236,False,love,0,3.6
179,1,2020,United States,0nbXyq5TXYPCO7pr3N8S4I,0.104,0.896,0.586,0.0,-6.687,0.0,116.971,0.642,True,neutral,2,3.6
180,1,2020,United States,696DnlkuDOXcMAnKlTgXXK,0.0522,0.621,0.601,0.0,-5.616,0.0,116.735,0.457,True,neutral,2,3.6
181,1,2020,United States,6Ozh9Ok6h4Oi1wUSLtBseN,0.189,0.769,0.787,0.0,-3.909,1.0,126.77,0.836,True,neutral,2,3.6
182,1,2020,United States,21jGcNKet2qwijlDFuPiPb,0.192,0.695,0.762,0.00244,-3.497,1.0,120.042,0.553,False,disapproval,1,3.6
183,1,2020,United States,4TnjEaWOeW0eKTKIEvJyCa,0.123,0.785,0.431,0.0,-8.756,0.0,127.085,0.236,False,love,0,3.6
184,2,2020,United States,0nbXyq5TXYPCO7pr3N8S4I,0.104,0.896,0.586,0.0,-6.687,0.0,116.971,0.642,True,neutral,2,3.5
185,2,2020,United States,0sf12qNH5qcw8qpgymFOqD,0.00147,0.513,0.796,0.000209,-4.075,1.0,171.017,0.345,False,neutral,2,3.5
186,2,2020,United States,5yY9lUy8nbvjM1Uyo1Uqoc,0.0706,0.676,0.609,0.0,-5.831,0.0,142.037,0.508,True,neutral,2,3.5
187,2,2020,United States,696DnlkuDOXcMAnKlTgXXK,0.0522,0.621,0.601,0.0,-5.616,0.0,116.735,0.457,True,neutral,2,3.5
188,2,2020,United States,07KXEDMj78x68D884wgVEm,0.269,0.831,0.499,0.0,-8.442,0.0,97.956,0.511,True,neutral,2,3.5
189,3,2020,United States,0nbXyq5TXYPCO7pr3N8S4I,0.104,0.896,0.586,0.0,-6.687,0.0,116.971,0.642,True,neutral,2,4.4
190,3,2020,United States,22LAwLoDA5b4AaGSkg6bKW,0.207,0.774,0.554,0.0,-7.909,1.0,99.034,0.349,True,annoyance,1,4.4
191,3,2020,United States,3Dv1eDb0MEgF93GpLXlucZ,0.264,0.787,0.673,3.35e-06,-4.583,0.0,110.962,0.779,True,neutral,2,4.4
192,3,2020,United States,4umIPjkehX1r7uhmGvXiSV,0.3,0.806,0.546,0.0,-6.637,1.0,147.986,0.874,False,desire,2,4.4
193,3,2020,United States,0sf12qNH5qcw8qpgymFOqD,0.00147,0.513,0.796,0.000209,-4.075,1.0,171.017,0.345,False,neutral,2,4.4
194,4,2020,United States,0VjIjW4GlUZAMYd2vXMi3b,0.00146,0.514,0.73,9.54e-05,-5.934,1.0,171.005,0.334,False,neutral,2,14.8
195,4,2020,United States,0nbXyq5TXYPCO7pr3N8S4I,0.104,0.896,0.586,0.0,-6.687,0.0,116.971,0.642,True,neutral,2,14.8
196,4,2020,United States,22LAwLoDA5b4AaGSkg6bKW,0.207,0.774,0.554,0.0,-7.909,1.0,99.034,0.349,True,annoyance,1,14.8
197,4,2020,United States,127QTOFJsJQp5LbJbu3A1y,0.321,0.834,0.454,6.15e-06,-9.75,0.0,81.618,0.837,True,neutral,2,14.8
198,4,2020,United States,24Yi9hE78yPEbZ4kxyoXAI,0.0167,0.77,0.724,0.0107,-5.484,1.0,121.975,0.898,True,neutral,2,14.8
199,5,2020,United States,39Yp9wwQiSRIDOvrVg7mbk,0.233,0.716,0.537,0.0,-7.648,0.0,129.979,0.28,True,neutral,2,13.2
200,5,2020,United States,0VjIjW4GlUZAMYd2vXMi3b,0.00146,0.514,0.73,9.54e-05,-5.934,1.0,171.005,0.334,False,neutral,2,13.2
201,5,2020,United States,0nbXyq5TXYPCO7pr3N8S4I,0.104,0.896,0.586,0.0,-6.687,0.0,116.971,0.642,True,neutral,2,13.2
202,5,2020,United States,22LAwLoDA5b4AaGSkg6bKW,0.207,0.774,0.554,0.0,-7.909,1.0,99.034,0.349,True,annoyance,1,13.2
203,5,2020,United States,466cKvZn1j45IpxDdYZqdA,0.289,0.83,0.49,3.04e-06,-8.82,0.0,81.604,0.845,True,neutral,2,13.2
204,6,2020,United States,0VjIjW4GlUZAMYd2vXMi3b,0.00146,0.514,0.73,9.54e-05,-5.934,1.0,171.005,0.334,False,neutral,2,11.0
205,6,2020,United States,0nbXyq5TXYPCO7pr3N8S4I,0.104,0.896,0.586,0.0,-6.687,0.0,116.971,0.642,True,neutral,2,11.0
206,6,2020,United States,22LAwLoDA5b4AaGSkg6bKW,0.207,0.774,0.554,0.0,-7.909,1.0,99.034,0.349,True,annoyance,1,11.0
207,6,2020,United States,39Yp9wwQiSRIDOvrVg7mbk,0.233,0.716,0.537,0.0,-7.648,0.0,129.979,0.28,True,neutral,2,11.0
208,6,2020,United States,5RqR4ZCCKJDcBLIn4sih9l,0.749,0.728,0.431,0.0,-9.966,0.0,130.022,0.629,False,neutral,2,11.0
209,7,2020,United States,7ytR5pFWmSjzHJIeQkgog4,0.247,0.746,0.69,0.0,-7.956,1.0,89.977,0.497,True,neutral,2,10.2
210,7,2020,United States,2MbdDtCv5LUVjYy9RuGTgC,0.0631,0.904,0.723,0.0,-5.224,0.0,145.013,0.835,True,neutral,2,10.2
211,7,2020,United States,6o3QUC5oAE4g6WxRIFcZtb,0.00336,0.65,0.613,0.0,-6.13,0.0,149.972,0.0804,True,sadness,1,10.2
212,7,2020,United States,7y7w4tl4MaRC2UMEj1mPtr,0.0172,0.625,0.814,0.0,-5.181,1.0,144.991,0.535,True,optimism,0,10.2
213,7,2020,United States,22LAwLoDA5b4AaGSkg6bKW,0.207,0.774,0.554,0.0,-7.909,1.0,99.034,0.349,True,annoyance,1,10.2
214,8,2020,United States,2MbdDtCv5LUVjYy9RuGTgC,0.0631,0.904,0.723,0.0,-5.224,0.0,145.013,0.835,True,neutral,2,8.4
215,8,2020,United States,7ytR5pFWmSjzHJIeQkgog4,0.247,0.746,0.69,0.0,-7.956,1.0,89.977,0.497,True,neutral,2,8.4
216,8,2020,United States,2U5WueTLIK5WJLD7mvDODv,0.00336,0.65,0.613,0.0,-6.13,0.0,149.972,0.0804,True,sadness,1,8.4
217,8,2020,United States,4Oun2ylbjFKMPTiaSbbCih,0.0194,0.935,0.454,0.0,-7.509,1.0,133.073,0.357,True,neutral,2,8.4
218,8,2020,United States,2Y0wPrPQBrGhoLn14xRYCG,0.0172,0.625,0.814,0.0,-5.181,1.0,144.991,0.535,True,optimism,0,8.4
219,9,2020,United States,0PvFJmanyNQMseIFrU708S,0.114,0.823,0.586,0.0,-6.606,0.0,125.971,0.347,True,neutral,2,7.8
220,9,2020,United States,2SAqBLGA283SUiwJ3xOUVI,0.244,0.761,0.518,3.47e-05,-8.871,1.0,133.976,0.522,True,neutral,2,7.8
221,9,2020,United States,3tjFYV6RSFtuktYl3ZtYcq,0.221,0.7,0.722,0.0,-3.558,0.0,90.989,0.756,True,love,0,7.8
222,9,2020,United States,4Oun2ylbjFKMPTiaSbbCih,0.0194,0.935,0.454,0.0,-7.509,1.0,133.073,0.357,True,neutral,2,7.8
223,9,2020,United States,2MbdDtCv5LUVjYy9RuGTgC,0.0631,0.904,0.723,0.0,-5.224,0.0,145.013,0.835,True,neutral,2,7.8
224,10,2020,United States,0PvFJmanyNQMseIFrU708S,0.114,0.823,0.586,0.0,-6.606,0.0,125.971,0.347,True,neutral,2,6.8
225,10,2020,United States,3tjFYV6RSFtuktYl3ZtYcq,0.221,0.7,0.722,0.0,-3.558,0.0,90.989,0.756,True,love,0,6.8
226,10,2020,United States,4Oun2ylbjFKMPTiaSbbCih,0.0194,0.935,0.454,0.0,-7.509,1.0,133.073,0.357,True,neutral,2,6.8
227,10,2020,United States,7hxHWCCAIIxFLCzvDgnQHX,0.25,0.8,0.658,0.0,-6.142,0.0,140.042,0.462,True,disgust,1,6.8
228,10,2020,United States,2SAqBLGA283SUiwJ3xOUVI,0.244,0.761,0.518,3.47e-05,-8.871,1.0,133.976,0.522,True,neutral,2,6.8
229,11,2020,United States,35mvY5S1H3J2QZyna3TFe0,0.468,0.737,0.802,0.0,-4.771,1.0,144.015,0.682,True,love,0,6.7
230,11,2020,United States,7hxHWCCAIIxFLCzvDgnQHX,0.25,0.8,0.658,0.0,-6.142,0.0,140.042,0.462,True,disgust,1,6.7
231,11,2020,United States,3tjFYV6RSFtuktYl3ZtYcq,0.221,0.7,0.722,0.0,-3.558,0.0,90.989,0.756,True,love,0,6.7
232,11,2020,United States,47EiUVwUp4C9fGccaPuUCS,0.401,0.731,0.573,5.22e-05,-10.059,0.0,109.928,0.145,True,neutral,2,6.7
233,11,2020,United States,0PvFJmanyNQMseIFrU708S,0.114,0.823,0.586,0.0,-6.606,0.0,125.971,0.347,True,neutral,2,6.7
234,12,2020,United States,0bYg9bo50gSsH3LtXe2SQn,0.164,0.336,0.627,0.0,-7.463,1.0,150.273,0.35,False,desire,2,6.7
235,12,2020,United States,2EjXfH91m7f8HiJN1yQg97,0.614,0.589,0.472,0.0,-8.749,1.0,67.196,0.898,False,joy,0,6.7
236,12,2020,United States,7vQbuQcyTflfCIOu3Uzzya,0.643,0.754,0.424,0.0,-8.463,1.0,119.705,0.806,False,joy,0,6.7
237,12,2020,United States,1IcR6RlgvDczfvoWJSSY2A,0.871,0.234,0.526,2.34e-06,-11.656,1.0,201.739,0.649,False,joy,0,6.7
238,12,2020,United States,2FRnf9qhLbvw8fu4IBXx78,0.189,0.735,0.478,2.48e-06,-12.472,1.0,107.682,0.947,False,love,0,6.7
239,1,2021,United States,3YJJjQPAbDT7mGpX3WtQ9A,0.499,0.436,0.655,8.1e-06,-8.37,0.0,121.002,0.412,True,neutral,2,6.4
240,1,2021,United States,3tjFYV6RSFtuktYl3ZtYcq,0.221,0.7,0.722,0.0,-3.558,0.0,90.989,0.756,True,love,0,6.4
241,1,2021,United States,7hxHWCCAIIxFLCzvDgnQHX,0.25,0.8,0.658,0.0,-6.142,0.0,140.042,0.462,True,disgust,1,6.4
242,1,2021,United States,5vGLcdRuSbUhD8ScwsGSdA,0.2,0.719,0.648,0.0,-7.6,0.0,140.201,0.66,True,neutral,2,6.4
243,1,2021,United States,7lPN2DXiMsVn7XUKtOW1CS,0.721,0.585,0.436,1.31e-05,-8.761,1.0,143.874,0.132,True,sadness,1,6.4
244,2,2021,United States,0VjIjW4GlUZAMYd2vXMi3b,0.00146,0.514,0.73,9.54e-05,-5.934,1.0,171.005,0.334,False,neutral,2,6.2
245,2,2021,United States,3YJJjQPAbDT7mGpX3WtQ9A,0.499,0.436,0.655,8.1e-06,-8.37,0.0,121.002,0.412,True,neutral,2,6.2
246,2,2021,United States,5QO79kh1waicV47BqGRL3g,0.0212,0.68,0.826,1.24e-05,-5.487,1.0,118.051,0.644,True,sadness,1,6.2
247,2,2021,United States,60ynsPSSKe6O3sfwRnIBRf,0.21,0.749,0.463,0.0382,-8.433,1.0,90.035,0.189,True,neutral,2,6.2
248,2,2021,United States,7lPN2DXiMsVn7XUKtOW1CS,0.721,0.585,0.436,1.31e-05,-8.761,1.0,143.874,0.132,True,sadness,1,6.2
249,3,2021,United States,1M4OcYkxAtu3ErzSgDEfoi,0.0012,0.868,0.795,0.0193,-6.044,1.0,166.0,0.819,True,amusement,0,6.1
250,3,2021,United States,5Kskr9LcNYa0tpt5f0ZEJx,0.451,0.907,0.393,1.35e-06,-7.636,0.0,104.949,0.202,True,amusement,0,6.1
251,3,2021,United States,6tDDoYIxWvMLTdKpjFkc1B,0.112,0.653,0.524,0.0,-9.016,0.0,83.97,0.553,False,neutral,2,6.1
252,3,2021,United States,7lPN2DXiMsVn7XUKtOW1CS,0.721,0.585,0.436,1.31e-05,-8.761,1.0,143.874,0.132,True,sadness,1,6.1
253,3,2021,United States,7MAibcTli4IisCtbHKrGMh,0.182,0.586,0.616,0.0,-7.964,1.0,148.088,0.719,False,love,0,6.1
254,4,2021,United States,4iJyoBOLtHqaGxP12qzhQI,0.321,0.677,0.696,0.0,-6.181,1.0,90.03,0.464,True,desire,2,6.1
255,4,2021,United States,3VT8hOC5vuDXBsHrR53WFh,0.175,0.778,0.695,0.0,-6.865,0.0,149.996,0.472,True,neutral,2,6.1
256,4,2021,United States,5nujrmhLynf4yMoMtj8AQF,0.00883,0.702,0.825,0.0,-3.787,0.0,102.977,0.915,False,love,0,6.1
257,4,2021,United States,61KpQadow081I2AsbeLcsb,0.593,0.439,0.61,1.07e-05,-7.236,1.0,181.088,0.172,True,amusement,0,6.1
258,4,2021,United States,3FAJ6O0NOHQV8Mc5Ri6ENp,0.524,0.449,0.465,1.02e-06,-8.964,1.0,89.087,0.543,False,love,0,6.1
259,5,2021,United States,748mdHapucXQri7IAO8yFK,0.235,0.762,0.701,0.000158,-3.541,1.0,110.968,0.742,True,love,0,5.8
260,5,2021,United States,43PGPuHIlVOc04jrZVh9L6,0.41,0.789,0.536,0.0,-6.862,1.0,81.039,0.437,True,annoyance,1,5.8
261,5,2021,United States,5nujrmhLynf4yMoMtj8AQF,0.00883,0.702,0.825,0.0,-3.787,0.0,102.977,0.915,False,love,0,5.8
262,5,2021,United States,61KpQadow081I2AsbeLcsb,0.593,0.439,0.61,1.07e-05,-7.236,1.0,181.088,0.172,True,amusement,0,5.8
263,5,2021,United States,67BtfxlNbhBmCDR2L2l8qd,0.297,0.61,0.508,0.0,-6.682,0.0,178.818,0.758,True,neutral,2,5.8
264,6,2021,United States,4ZtFanR9U6ndgddUvNcjcG,0.335,0.563,0.664,0.0,-5.044,1.0,166.928,0.688,True,disappointment,1,5.9
265,6,2021,United States,6HU7h9RYOaPRFeh0R3UeAr,0.584,0.442,0.612,5.7e-06,-7.222,1.0,180.917,0.178,True,amusement,0,5.9
266,6,2021,United States,5CZ40GBx1sQ9agT82CLQCT,0.691,0.38,0.339,0.0,-7.885,1.0,100.607,0.0849,False,love,0,5.9
267,6,2021,United States,5nujrmhLynf4yMoMtj8AQF,0.00883,0.702,0.825,0.0,-3.787,0.0,102.977,0.915,False,love,0,5.9
268,6,2021,United States,748mdHapucXQri7IAO8yFK,0.235,0.762,0.701,0.000158,-3.541,1.0,110.968,0.742,True,love,0,5.9
269,7,2021,United States,3DarAbFujv6eYNliUTyqtz,0.259,0.764,0.705,8.92e-05,-3.463,1.0,110.97,0.781,True,love,0,5.4
270,7,2021,United States,4ZtFanR9U6ndgddUvNcjcG,0.335,0.563,0.664,0.0,-5.044,1.0,166.928,0.688,True,disappointment,1,5.4
271,7,2021,United States,3Wrjm47oTz2sjIgck11l5e,0.127,0.714,0.8,0.0,-4.808,0.0,134.002,0.589,False,disappointment,1,5.4
272,7,2021,United States,5nujrmhLynf4yMoMtj8AQF,0.00883,0.702,0.825,0.0,-3.787,0.0,102.977,0.915,False,love,0,5.4
273,7,2021,United States,5lAnYvAIkSDNXqfo7DyFUm,0.506,0.855,0.488,0.0,-4.601,1.0,124.097,0.619,True,annoyance,1,5.4
274,8,2021,United States,27NovPIUIRrOZoCHxABJwK,0.0203,0.736,0.704,0.0,-7.409,0.0,149.995,0.894,True,amusement,0,5.1
275,8,2021,United States,5PjdY0CKGZdEuoNab3yDmX,0.0383,0.591,0.764,0.0,-5.484,1.0,169.928,0.478,True,fear,1,5.1
276,8,2021,United States,3DarAbFujv6eYNliUTyqtz,0.259,0.764,0.705,8.92e-05,-3.463,1.0,110.97,0.781,True,love,0,5.1
277,8,2021,United States,3Vi5XqYrmQgOYBajMWSvCi,0.304,0.664,0.609,0.0,-6.509,1.0,130.041,0.194,True,neutral,2,5.1
278,8,2021,United States,4RVwu0g32PAqgUiJoXsdF8,0.767,0.332,0.225,0.00349,-8.697,1.0,81.055,0.297,True,anger,1,5.1
279,9,2021,United States,0k1WUmIRnG3xU6fvvDVfRG,0.000619,0.803,0.597,4.5e-06,-6.035,0.0,136.008,0.331,True,admiration,0,4.7
280,9,2021,United States,2BcMwX1MPV6ZHP4tUT9uq6,0.0635,0.849,0.424,0.0,-9.579,0.0,145.887,0.153,True,neutral,2,4.7
281,9,2021,United States,40iJIUlhi6renaREYGeIDS,0.0503,0.666,0.465,0.0,-8.545,1.0,167.937,0.292,True,sadness,1,4.7
282,9,2021,United States,5PjdY0CKGZdEuoNab3yDmX,0.0383,0.591,0.764,0.0,-5.484,1.0,169.928,0.478,True,fear,1,4.7
283,9,2021,United States,02MWAaffLxlfxAUY7c5dvx,0.44,0.761,0.525,6.7e-06,-6.9,1.0,80.87,0.531,False,desire,2,4.7
284,10,2021,United States,02MWAaffLxlfxAUY7c5dvx,0.44,0.761,0.525,6.7e-06,-6.9,1.0,80.87,0.531,False,desire,2,4.5
285,10,2021,United States,0k1WUmIRnG3xU6fvvDVfRG,0.000619,0.803,0.597,4.5e-06,-6.035,0.0,136.008,0.331,True,admiration,0,4.5
286,10,2021,United States,2BcMwX1MPV6ZHP4tUT9uq6,0.0635,0.849,0.424,0.0,-9.579,0.0,145.887,0.153,True,neutral,2,4.5
287,10,2021,United States,5PjdY0CKGZdEuoNab3yDmX,0.0383,0.591,0.764,0.0,-5.484,1.0,169.928,0.478,True,fear,1,4.5
288,10,2021,United States,5Z9KJZvQzH6PFmb8SNkxuk,0.0221,0.741,0.691,0.0,-7.395,0.0,150.087,0.892,True,amusement,0,4.5
289,11,2021,United States,5Z9KJZvQzH6PFmb8SNkxuk,0.0221,0.741,0.691,0.0,-7.395,0.0,150.087,0.892,True,amusement,0,4.1
290,11,2021,United States,5PjdY0CKGZdEuoNab3yDmX,0.0383,0.591,0.764,0.0,-5.484,1.0,169.928,0.478,True,fear,1,4.1
291,11,2021,United States,02MWAaffLxlfxAUY7c5dvx,0.44,0.761,0.525,6.7e-06,-6.9,1.0,80.87,0.531,False,desire,2,4.1
292,11,2021,United States,5enxwA8aAbwZbf5qCHORXi,0.274,0.631,0.518,0.0,-8.771,1.0,93.023,0.205,True,sadness,1,4.1
293,11,2021,United States,7sMBvZCSUl99bJLXZaLa0b,0.0558,0.627,0.618,0.0,-8.529,1.0,82.03,0.848,False,neutral,2,4.1
294,12,2021,United States,0bYg9bo50gSsH3LtXe2SQn,0.164,0.336,0.627,0.0,-7.463,1.0,150.273,0.35,False,desire,2,3.9
295,12,2021,United States,2EjXfH91m7f8HiJN1yQg97,0.614,0.589,0.472,0.0,-8.749,1.0,67.196,0.898,False,joy,0,3.9
296,12,2021,United States,5Z9KJZvQzH6PFmb8SNkxuk,0.0221,0.741,0.691,0.0,-7.395,0.0,150.087,0.892,True,amusement,0,3.9
297,12,2021,United States,7vQbuQcyTflfCIOu3Uzzya,0.643,0.754,0.424,0.0,-8.463,1.0,119.705,0.806,False,joy,0,3.9
298,12,2021,United States,1IcR6RlgvDczfvoWJSSY2A,0.871,0.234,0.526,2.34e-06,-11.656,1.0,201.739,0.649,False,joy,0,3.9
