,month,year,id,count,title,rank,date,artist,url,region
0,1,2017,0SGkqnVQo9KPytSri1H6cF,31,Bounce Back,10,2017-01-01,Big Sean,https://open.spotify.com/track/0SGkqnVQo9KPytSri1H6cF,United States
31,1,2017,343YBumqHu19cGoGARUTsd,31,Fake Love,2,2017-01-01,Drake,https://open.spotify.com/track/343YBumqHu19cGoGARUTsd,United States
62,1,2017,4Km5HrUvYTaSUfiSGPJeQR,31,Bad and Boujee (feat. Lil Uzi Vert),1,2017-01-01,Migos,https://open.spotify.com/track/4Km5HrUvYTaSUfiSGPJeQR,United States
93,1,2017,5aAx2yezTd8zXrkmtKl66Z,31,Starboy,3,2017-01-01,"The Weeknd, Daft Punk",https://open.spotify.com/track/5aAx2yezTd8zXrkmtKl66Z,United States
124,1,2017,3NdDpSvN911VPGivFlV5d0,30,"I Don’t Wanna Live Forever (Fifty Shades Darker) - From ""Fifty Shades Darker (Original Motion Picture Soundtrack)""",9,2017-01-02,"ZAYN, Taylor Swift",https://open.spotify.com/track/3NdDpSvN911VPGivFlV5d0,United States
154,2,2017,0SGkqnVQo9KPytSri1H6cF,28,Bounce Back,7,2017-02-01,Big Sean,https://open.spotify.com/track/0SGkqnVQo9KPytSri1H6cF,United States
182,2,2017,2EEeOnHehOozLq4aS0n6SL,28,iSpy (feat. Lil Yachty),8,2017-02-01,KYLE,https://open.spotify.com/track/2EEeOnHehOozLq4aS0n6SL,United States
210,2,2017,3NdDpSvN911VPGivFlV5d0,28,"I Don’t Wanna Live Forever (Fifty Shades Darker) - From ""Fifty Shades Darker (Original Motion Picture Soundtrack)""",3,2017-02-01,"ZAYN, Taylor Swift",https://open.spotify.com/track/3NdDpSvN911VPGivFlV5d0,United States
238,2,2017,4Km5HrUvYTaSUfiSGPJeQR,28,Bad and Boujee (feat. Lil Uzi Vert),1,2017-02-01,Migos,https://open.spotify.com/track/4Km5HrUvYTaSUfiSGPJeQR,United States
266,2,2017,7qiZfU4dY1lWllzX7mPBI3,28,Shape of You,2,2017-02-01,Ed Sheeran,https://open.spotify.com/track/7qiZfU4dY1lWllzX7mPBI3,United States
294,3,2017,7qiZfU4dY1lWllzX7mPBI3,29,Shape of You,1,2017-03-01,Ed Sheeran,https://open.spotify.com/track/7qiZfU4dY1lWllzX7mPBI3,United States
323,3,2017,0KKkJNfGyhkQ5aFogxQAPU,26,That's What I Like,7,2017-03-01,Bruno Mars,https://open.spotify.com/track/0KKkJNfGyhkQ5aFogxQAPU,United States
349,3,2017,2EEeOnHehOozLq4aS0n6SL,26,iSpy (feat. Lil Yachty),2,2017-03-01,KYLE,https://open.spotify.com/track/2EEeOnHehOozLq4aS0n6SL,United States
375,3,2017,4Q3N4Ct4zCuIHuZ65E3BD4,25,Tunnel Vision,9,2017-03-01,Kodak Black,https://open.spotify.com/track/4Q3N4Ct4zCuIHuZ65E3BD4,United States
400,3,2017,3rOSwuTsUlJp0Pu0MkN8r8,23,Mask Off,10,2017-03-06,Future,https://open.spotify.com/track/3rOSwuTsUlJp0Pu0MkN8r8,United States
423,4,2017,7KXjTSCq5nL1LoYtL7XAwS,30,HUMBLE.,1,2017-04-01,Kendrick Lamar,https://open.spotify.com/track/7KXjTSCq5nL1LoYtL7XAwS,United States
453,4,2017,3rOSwuTsUlJp0Pu0MkN8r8,29,Mask Off,2,2017-04-01,Future,https://open.spotify.com/track/3rOSwuTsUlJp0Pu0MkN8r8,United States
482,4,2017,2eMwDehkIC1j68U6FA3Eiq,26,XO TOUR Llif3,9,2017-04-01,Lil Uzi Vert,https://open.spotify.com/track/2eMwDehkIC1j68U6FA3Eiq,United States
508,4,2017,7hDc8b7IXETo14hHIHdnhd,24,Passionfruit,3,2017-04-01,Drake,https://open.spotify.com/track/7hDc8b7IXETo14hHIHdnhd,United States
532,4,2017,2EEeOnHehOozLq4aS0n6SL,23,iSpy (feat. Lil Yachty),5,2017-04-01,KYLE,https://open.spotify.com/track/2EEeOnHehOozLq4aS0n6SL,United States
555,5,2017,2eMwDehkIC1j68U6FA3Eiq,29,XO TOUR Llif3,6,2017-05-01,Lil Uzi Vert,https://open.spotify.com/track/2eMwDehkIC1j68U6FA3Eiq,United States
584,5,2017,3rOSwuTsUlJp0Pu0MkN8r8,29,Mask Off,5,2017-05-01,Future,https://open.spotify.com/track/3rOSwuTsUlJp0Pu0MkN8r8,United States
613,5,2017,6HZILIRieu8S0iqY8kIKhj,29,DNA.,4,2017-05-01,Kendrick Lamar,https://open.spotify.com/track/6HZILIRieu8S0iqY8kIKhj,United States
642,5,2017,72Q0FQQo32KJloivv5xge2,29,I'm the One,2,2017-05-01,"DJ Khaled, Justin Bieber, Quavo, Chance the Rapper, Lil Wayne",https://open.spotify.com/track/72Q0FQQo32KJloivv5xge2,United States
671,5,2017,7KXjTSCq5nL1LoYtL7XAwS,29,HUMBLE.,1,2017-05-01,Kendrick Lamar,https://open.spotify.com/track/7KXjTSCq5nL1LoYtL7XAwS,United States
700,6,2017,2eMwDehkIC1j68U6FA3Eiq,29,XO TOUR Llif3,4,2017-06-01,Lil Uzi Vert,https://open.spotify.com/track/2eMwDehkIC1j68U6FA3Eiq,United States
729,6,2017,3a1lNhkSLSkpJE4MSHpDu9,29,Congratulations,5,2017-06-01,"Post Malone, Quavo",https://open.spotify.com/track/3a1lNhkSLSkpJE4MSHpDu9,United States
758,6,2017,5CtI0qwDJkDQGwXD1H1cLb,29,Despacito - Remix,2,2017-06-01,"Luis Fonsi, Daddy Yankee, Justin Bieber",https://open.spotify.com/track/5CtI0qwDJkDQGwXD1H1cLb,United States
787,6,2017,7KXjTSCq5nL1LoYtL7XAwS,29,HUMBLE.,1,2017-06-01,Kendrick Lamar,https://open.spotify.com/track/7KXjTSCq5nL1LoYtL7XAwS,United States
816,6,2017,3kxfsdsCpFgN412fpnW85Y,27,Redbone,10,2017-06-04,Childish Gambino,https://open.spotify.com/track/3kxfsdsCpFgN412fpnW85Y,United States
843,7,2017,1OAh8uOEOvTDqkKFsKksCi,31,Wild Thoughts (feat. Rihanna & Bryson Tiller),3,2017-07-01,DJ Khaled,https://open.spotify.com/track/1OAh8uOEOvTDqkKFsKksCi,United States
874,7,2017,2eMwDehkIC1j68U6FA3Eiq,31,XO TOUR Llif3,2,2017-07-01,Lil Uzi Vert,https://open.spotify.com/track/2eMwDehkIC1j68U6FA3Eiq,United States
905,7,2017,3DXncPQOG4VBw3QHh3S817,31,"I'm the One (feat. Justin Bieber, Quavo, Chance the Rapper & Lil Wayne)",4,2017-07-01,DJ Khaled,https://open.spotify.com/track/3DXncPQOG4VBw3QHh3S817,United States
936,7,2017,3a1lNhkSLSkpJE4MSHpDu9,31,Congratulations,7,2017-07-01,"Post Malone, Quavo",https://open.spotify.com/track/3a1lNhkSLSkpJE4MSHpDu9,United States
967,7,2017,5CtI0qwDJkDQGwXD1H1cLb,31,Despacito - Remix,1,2017-07-01,"Luis Fonsi, Daddy Yankee, Justin Bieber",https://open.spotify.com/track/5CtI0qwDJkDQGwXD1H1cLb,United States
998,8,2017,3B54sVLJ402zGa6Xm4YGNe,31,Unforgettable,1,2017-08-01,"French Montana, Swae Lee",https://open.spotify.com/track/3B54sVLJ402zGa6Xm4YGNe,United States
1029,8,2017,5eqK0tbzUPo2SoeZsov04s,31,Bank Account,5,2017-08-01,21 Savage,https://open.spotify.com/track/5eqK0tbzUPo2SoeZsov04s,United States
1060,8,2017,7KXjTSCq5nL1LoYtL7XAwS,27,HUMBLE.,6,2017-08-01,Kendrick Lamar,https://open.spotify.com/track/7KXjTSCq5nL1LoYtL7XAwS,United States
1087,8,2017,1OAh8uOEOvTDqkKFsKksCi,26,Wild Thoughts (feat. Rihanna & Bryson Tiller),3,2017-08-01,DJ Khaled,https://open.spotify.com/track/1OAh8uOEOvTDqkKFsKksCi,United States
1113,8,2017,2eMwDehkIC1j68U6FA3Eiq,24,XO TOUR Llif3,2,2017-08-01,Lil Uzi Vert,https://open.spotify.com/track/2eMwDehkIC1j68U6FA3Eiq,United States
1137,9,2017,2771LMNxwf62FTAdpJMQfM,30,Bodak Yellow,5,2017-09-01,Cardi B,https://open.spotify.com/track/2771LMNxwf62FTAdpJMQfM,United States
1167,9,2017,5Z3GHaZ6ec9bsiI5BenrbY,30,Young Dumb & Broke,8,2017-09-01,Khalid,https://open.spotify.com/track/5Z3GHaZ6ec9bsiI5BenrbY,United States
1197,9,2017,5tz69p7tJuGPeMGwNTxYuV,30,1-800-273-8255,2,2017-09-01,"Logic, Alessia Cara, Khalid",https://open.spotify.com/track/5tz69p7tJuGPeMGwNTxYuV,United States
1227,9,2017,7GX5flRQZVHRAGd6B4TmDO,30,XO Tour Llif3,3,2017-09-01,Lil Uzi Vert,https://open.spotify.com/track/7GX5flRQZVHRAGd6B4TmDO,United States
1257,9,2017,3B54sVLJ402zGa6Xm4YGNe,29,Unforgettable,7,2017-09-01,"French Montana, Swae Lee",https://open.spotify.com/track/3B54sVLJ402zGa6Xm4YGNe,United States
1286,10,2017,2fQrGHiQOvpL9UgPvtYy6G,31,Bank Account,4,2017-10-01,21 Savage,https://open.spotify.com/track/2fQrGHiQOvpL9UgPvtYy6G,United States
1317,10,2017,5tz69p7tJuGPeMGwNTxYuV,31,1-800-273-8255,3,2017-10-01,"Logic, Alessia Cara, Khalid",https://open.spotify.com/track/5tz69p7tJuGPeMGwNTxYuV,United States
1348,10,2017,2771LMNxwf62FTAdpJMQfM,30,Bodak Yellow,2,2017-10-01,Cardi B,https://open.spotify.com/track/2771LMNxwf62FTAdpJMQfM,United States
1378,10,2017,75ZvA4QfFiZvzhj2xkaWAh,30,I Fall Apart,7,2017-10-02,Post Malone,https://open.spotify.com/track/75ZvA4QfFiZvzhj2xkaWAh,United States
1408,10,2017,5Z3GHaZ6ec9bsiI5BenrbY,29,Young Dumb & Broke,7,2017-10-01,Khalid,https://open.spotify.com/track/5Z3GHaZ6ec9bsiI5BenrbY,United States
1437,11,2017,0ofbQMrRDsUaVKq2mGLEAb,30,Havana,4,2017-11-01,"Camila Cabello, Young Thug",https://open.spotify.com/track/0ofbQMrRDsUaVKq2mGLEAb,United States
1467,11,2017,2fQrGHiQOvpL9UgPvtYy6G,30,Bank Account,6,2017-11-01,21 Savage,https://open.spotify.com/track/2fQrGHiQOvpL9UgPvtYy6G,United States
1497,11,2017,43ZyHQITOjhciSUUNPVRHc,30,Gucci Gang,3,2017-11-01,Lil Pump,https://open.spotify.com/track/43ZyHQITOjhciSUUNPVRHc,United States
1527,11,2017,75ZvA4QfFiZvzhj2xkaWAh,30,I Fall Apart,5,2017-11-01,Post Malone,https://open.spotify.com/track/75ZvA4QfFiZvzhj2xkaWAh,United States
1557,11,2017,7wGoVu4Dady5GV0Sv4UIsx,30,rockstar,1,2017-11-01,"Post Malone, 21 Savage",https://open.spotify.com/track/7wGoVu4Dady5GV0Sv4UIsx,United States
1587,12,2017,7wGoVu4Dady5GV0Sv4UIsx,31,rockstar,1,2017-12-01,"Post Malone, 21 Savage",https://open.spotify.com/track/7wGoVu4Dady5GV0Sv4UIsx,United States
1618,12,2017,43ZyHQITOjhciSUUNPVRHc,30,Gucci Gang,2,2017-12-01,Lil Pump,https://open.spotify.com/track/43ZyHQITOjhciSUUNPVRHc,United States
1648,12,2017,75ZvA4QfFiZvzhj2xkaWAh,29,I Fall Apart,4,2017-12-01,Post Malone,https://open.spotify.com/track/75ZvA4QfFiZvzhj2xkaWAh,United States
1677,12,2017,42CeaId2XNlxugDvyqHfDf,28,Candy Paint,5,2017-12-01,Post Malone,https://open.spotify.com/track/42CeaId2XNlxugDvyqHfDf,United States
1705,12,2017,7sO5G9EABYOXQKNPNiE9NR,28,Ric Flair Drip (& Metro Boomin),6,2017-12-01,Offset,https://open.spotify.com/track/7sO5G9EABYOXQKNPNiE9NR,United States
1733,1,2018,7wGoVu4Dady5GV0Sv4UIsx,31,rockstar,1,2018-01-01,"Post Malone, 21 Savage",https://open.spotify.com/track/7wGoVu4Dady5GV0Sv4UIsx,United States
1764,1,2018,7sO5G9EABYOXQKNPNiE9NR,30,Ric Flair Drip (& Metro Boomin),6,2018-01-01,Offset,https://open.spotify.com/track/7sO5G9EABYOXQKNPNiE9NR,United States
1794,1,2018,75ZvA4QfFiZvzhj2xkaWAh,29,I Fall Apart,8,2018-01-01,Post Malone,https://open.spotify.com/track/75ZvA4QfFiZvzhj2xkaWAh,United States
1823,1,2018,2DQ1ITjI0YoLFzuADN1ZBW,26,No Limit,2,2018-01-01,"G-Eazy, A$AP Rocky, Cardi B",https://open.spotify.com/track/2DQ1ITjI0YoLFzuADN1ZBW,United States
1849,1,2018,3Vo4wInECJQuz9BIBMOu8i,26,Finesse - Remix; feat. Cardi B,2,2018-01-05,Bruno Mars,https://open.spotify.com/track/3Vo4wInECJQuz9BIBMOu8i,United States
1875,2,2018,2UVbBKQOdFAekPTRsnkzcf,28,Stir Fry,2,2018-02-01,Migos,https://open.spotify.com/track/2UVbBKQOdFAekPTRsnkzcf,United States
1903,2,2018,2XW4DbS6NddZxRPm5rMCeY,28,God's Plan,1,2018-02-01,Drake,https://open.spotify.com/track/2XW4DbS6NddZxRPm5rMCeY,United States
1931,2,2018,6tHWl8ows5JOZq9Yfaqn3M,28,Mine,8,2018-02-01,Bazzi,https://open.spotify.com/track/6tHWl8ows5JOZq9Yfaqn3M,United States
1959,2,2018,4ofvoCdXq99vpMZO4Cfp8x,22,Pray For Me (with Kendrick Lamar),3,2018-02-02,The Weeknd,https://open.spotify.com/track/4ofvoCdXq99vpMZO4Cfp8x,United States
1981,2,2018,4qKcDkK6siZ7Jp1Jb4m0aL,20,Look Alive (feat. Drake),10,2018-02-09,BlocBoy JB,https://open.spotify.com/track/4qKcDkK6siZ7Jp1Jb4m0aL,United States
2001,3,2018,2XW4DbS6NddZxRPm5rMCeY,31,God's Plan,1,2018-03-01,Drake,https://open.spotify.com/track/2XW4DbS6NddZxRPm5rMCeY,United States
2032,3,2018,4qKcDkK6siZ7Jp1Jb4m0aL,31,Look Alive (feat. Drake),3,2018-03-01,BlocBoy JB,https://open.spotify.com/track/4qKcDkK6siZ7Jp1Jb4m0aL,United States
2063,3,2018,65NwOZqoXny4JxqAPlfxRF,31,Psycho (feat. Ty Dolla $ign),2,2018-03-01,Post Malone,https://open.spotify.com/track/65NwOZqoXny4JxqAPlfxRF,United States
2094,3,2018,3GCdLUSnKSMJhs4Tj6CV3s,29,All The Stars (with SZA),4,2018-03-01,Kendrick Lamar,https://open.spotify.com/track/3GCdLUSnKSMJhs4Tj6CV3s,United States
2123,3,2018,2UVbBKQOdFAekPTRsnkzcf,26,Stir Fry,5,2018-03-01,Migos,https://open.spotify.com/track/2UVbBKQOdFAekPTRsnkzcf,United States
2149,4,2018,2XW4DbS6NddZxRPm5rMCeY,25,God's Plan,2,2018-04-01,Drake,https://open.spotify.com/track/2XW4DbS6NddZxRPm5rMCeY,United States
2174,4,2018,1cTZMwcBJT0Ka3UJPXOeeN,23,Nice For What,1,2018-04-07,Drake,https://open.spotify.com/track/1cTZMwcBJT0Ka3UJPXOeeN,United States
2197,4,2018,65NwOZqoXny4JxqAPlfxRF,22,Psycho (feat. Ty Dolla $ign),4,2018-04-01,Post Malone,https://open.spotify.com/track/65NwOZqoXny4JxqAPlfxRF,United States
2219,4,2018,4qKcDkK6siZ7Jp1Jb4m0aL,20,Look Alive (feat. Drake),7,2018-04-01,BlocBoy JB,https://open.spotify.com/track/4qKcDkK6siZ7Jp1Jb4m0aL,United States
2239,4,2018,1gm616Plq4ScqNi7TVkZ5N,19,Call Out My Name,1,2018-04-01,The Weeknd,https://open.spotify.com/track/1gm616Plq4ScqNi7TVkZ5N,United States
2258,5,2018,1cTZMwcBJT0Ka3UJPXOeeN,31,Nice For What,4,2018-05-01,Drake,https://open.spotify.com/track/1cTZMwcBJT0Ka3UJPXOeeN,United States
2289,5,2018,3swc6WTsr7rl9DqQKQA55C,31,Psycho (feat. Ty Dolla $ign),2,2018-05-01,Post Malone,https://open.spotify.com/track/3swc6WTsr7rl9DqQKQA55C,United States
2320,5,2018,7dt6x5M1jzdTEt8oCbisTK,31,Better Now,1,2018-05-01,Post Malone,https://open.spotify.com/track/7dt6x5M1jzdTEt8oCbisTK,United States
2351,5,2018,2XW4DbS6NddZxRPm5rMCeY,29,God's Plan,10,2018-05-03,Drake,https://open.spotify.com/track/2XW4DbS6NddZxRPm5rMCeY,United States
2380,5,2018,4qKcDkK6siZ7Jp1Jb4m0aL,26,Look Alive (feat. Drake),9,2018-05-05,BlocBoy JB,https://open.spotify.com/track/4qKcDkK6siZ7Jp1Jb4m0aL,United States
2406,6,2018,0X8DcetL926BYiPJYstJTc,28,Lucid Dreams,2,2018-06-01,Juice WRLD,https://open.spotify.com/track/0X8DcetL926BYiPJYstJTc,United States
2434,6,2018,6vN77lE9LK6HP2DewaN6HZ,27,Yes Indeed,3,2018-06-01,"Lil Baby, Drake",https://open.spotify.com/track/6vN77lE9LK6HP2DewaN6HZ,United States
2461,6,2018,7dt6x5M1jzdTEt8oCbisTK,26,Better Now,5,2018-06-01,Post Malone,https://open.spotify.com/track/7dt6x5M1jzdTEt8oCbisTK,United States
2487,6,2018,1cTZMwcBJT0Ka3UJPXOeeN,23,Nice For What,1,2018-06-01,Drake,https://open.spotify.com/track/1cTZMwcBJT0Ka3UJPXOeeN,United States
2510,6,2018,58q2HKrzhC3ozto2nDdN4z,23,I Like It,8,2018-06-01,"Cardi B, Bad Bunny, J Balvin",https://open.spotify.com/track/58q2HKrzhC3ozto2nDdN4z,United States
2533,7,2018,3ee8Jmje8o58CHK66QrVC2,29,SAD!,10,2018-07-03,XXXTENTACION,https://open.spotify.com/track/3ee8Jmje8o58CHK66QrVC2,United States
2562,7,2018,58q2HKrzhC3ozto2nDdN4z,25,I Like It,8,2018-07-07,"Cardi B, Bad Bunny, J Balvin",https://open.spotify.com/track/58q2HKrzhC3ozto2nDdN4z,United States
2587,7,2018,0JP9xo3adEtGSdUEISiszL,24,Moonlight,10,2018-07-06,XXXTENTACION,https://open.spotify.com/track/0JP9xo3adEtGSdUEISiszL,United States
2611,7,2018,5IaHrVsrferBYDm0bDyABy,22,Taste (feat. Offset),10,2018-07-10,Tyga,https://open.spotify.com/track/5IaHrVsrferBYDm0bDyABy,United States
2633,7,2018,0bAkKNCQfWkexHFn7fIKns,19,In My Feelings,6,2018-07-01,Drake,https://open.spotify.com/track/0bAkKNCQfWkexHFn7fIKns,United States
2652,8,2018,2G7V7zsVDxg1yRsu7Ew9RJ,31,In My Feelings,1,2018-08-01,Drake,https://open.spotify.com/track/2G7V7zsVDxg1yRsu7Ew9RJ,United States
2683,8,2018,2E124GmJRnBJuXbTb4cPUB,30,FEFE (feat. Nicki Minaj & Murda Beatz),2,2018-08-01,6ix9ine,https://open.spotify.com/track/2E124GmJRnBJuXbTb4cPUB,United States
2713,8,2018,0s3nnoMeVWz3989MkNQiRf,29,Lucid Dreams,3,2018-08-01,Juice WRLD,https://open.spotify.com/track/0s3nnoMeVWz3989MkNQiRf,United States
2742,8,2018,2xLMifQCjDGFmkHkpNLD9h,29,SICKO MODE,2,2018-08-03,Travis Scott,https://open.spotify.com/track/2xLMifQCjDGFmkHkpNLD9h,United States
2771,8,2018,3ee8Jmje8o58CHK66QrVC2,27,SAD!,5,2018-08-01,XXXTENTACION,https://open.spotify.com/track/3ee8Jmje8o58CHK66QrVC2,United States
2798,9,2018,2xLMifQCjDGFmkHkpNLD9h,29,SICKO MODE,5,2018-09-01,Travis Scott,https://open.spotify.com/track/2xLMifQCjDGFmkHkpNLD9h,United States
2827,9,2018,0s3nnoMeVWz3989MkNQiRf,27,Lucid Dreams,9,2018-09-01,Juice WRLD,https://open.spotify.com/track/0s3nnoMeVWz3989MkNQiRf,United States
2854,9,2018,2E124GmJRnBJuXbTb4cPUB,27,FEFE (feat. Nicki Minaj & Murda Beatz),4,2018-09-01,6ix9ine,https://open.spotify.com/track/2E124GmJRnBJuXbTb4cPUB,United States
2881,9,2018,60SdxE8apGAxMiRrpbmLY0,27,Lucky You (feat. Joyner Lucas),1,2018-09-01,Eminem,https://open.spotify.com/track/60SdxE8apGAxMiRrpbmLY0,United States
2908,9,2018,4S8d14HvHb70ImctNgVzQQ,22,I Love It (& Lil Pump),7,2018-09-08,Kanye West,https://open.spotify.com/track/4S8d14HvHb70ImctNgVzQQ,United States
2930,10,2018,2xLMifQCjDGFmkHkpNLD9h,31,SICKO MODE,5,2018-10-01,Travis Scott,https://open.spotify.com/track/2xLMifQCjDGFmkHkpNLD9h,United States
2961,10,2018,1xzBco0xcoJEDXktl7Jxrr,27,Mo Bamba,6,2018-10-05,Sheck Wes,https://open.spotify.com/track/1xzBco0xcoJEDXktl7Jxrr,United States
2988,10,2018,78QR3Wp35dqAhFEc2qAGjE,27,Drip Too Hard (Lil Baby & Gunna),2,2018-10-05,Lil Baby,https://open.spotify.com/track/78QR3Wp35dqAhFEc2qAGjE,United States
3015,10,2018,5p7ujcrUXASCNwRaWNHR1C,24,Without Me,8,2018-10-05,Halsey,https://open.spotify.com/track/5p7ujcrUXASCNwRaWNHR1C,United States
3039,10,2018,0s3nnoMeVWz3989MkNQiRf,21,Lucid Dreams,9,2018-10-02,Juice WRLD,https://open.spotify.com/track/0s3nnoMeVWz3989MkNQiRf,United States
3060,11,2018,1xzBco0xcoJEDXktl7Jxrr,30,Mo Bamba,1,2018-11-01,Sheck Wes,https://open.spotify.com/track/1xzBco0xcoJEDXktl7Jxrr,United States
3090,11,2018,2xLMifQCjDGFmkHkpNLD9h,30,SICKO MODE,2,2018-11-01,Travis Scott,https://open.spotify.com/track/2xLMifQCjDGFmkHkpNLD9h,United States
3120,11,2018,5p7ujcrUXASCNwRaWNHR1C,30,Without Me,6,2018-11-01,Halsey,https://open.spotify.com/track/5p7ujcrUXASCNwRaWNHR1C,United States
3150,11,2018,78QR3Wp35dqAhFEc2qAGjE,30,Drip Too Hard (Lil Baby & Gunna),5,2018-11-01,Lil Baby,https://open.spotify.com/track/78QR3Wp35dqAhFEc2qAGjE,United States
3180,11,2018,7l3E7lcozEodtVsSTCkcaA,30,ZEZE (feat. Travis Scott & Offset),3,2018-11-01,Kodak Black,https://open.spotify.com/track/7l3E7lcozEodtVsSTCkcaA,United States
3210,12,2018,2xLMifQCjDGFmkHkpNLD9h,30,SICKO MODE,4,2018-12-01,Travis Scott,https://open.spotify.com/track/2xLMifQCjDGFmkHkpNLD9h,United States
3240,12,2018,2IRZnDFmlqMuOrYOLnZZyc,29,Going Bad (feat. Drake),2,2018-12-01,Meek Mill,https://open.spotify.com/track/2IRZnDFmlqMuOrYOLnZZyc,United States
3269,12,2018,2rPE9A1vEgShuZxxzR2tZH,29,"thank u, next",1,2018-12-01,Ariana Grande,https://open.spotify.com/track/2rPE9A1vEgShuZxxzR2tZH,United States
3298,12,2018,1xzBco0xcoJEDXktl7Jxrr,28,Mo Bamba,3,2018-12-01,Sheck Wes,https://open.spotify.com/track/1xzBco0xcoJEDXktl7Jxrr,United States
3326,12,2018,78QR3Wp35dqAhFEc2qAGjE,28,Drip Too Hard (Lil Baby & Gunna),6,2018-12-01,Lil Baby,https://open.spotify.com/track/78QR3Wp35dqAhFEc2qAGjE,United States
3354,1,2019,2IRZnDFmlqMuOrYOLnZZyc,31,Going Bad (feat. Drake),5,2019-01-01,Meek Mill,https://open.spotify.com/track/2IRZnDFmlqMuOrYOLnZZyc,United States
3385,1,2019,2xLMifQCjDGFmkHkpNLD9h,31,SICKO MODE,3,2019-01-01,Travis Scott,https://open.spotify.com/track/2xLMifQCjDGFmkHkpNLD9h,United States
3416,1,2019,3KkXRkHbMCARz0aVfEt68P,31,Sunflower - Spider-Man: Into the Spider-Verse,1,2019-01-01,"Post Malone, Swae Lee",https://open.spotify.com/track/3KkXRkHbMCARz0aVfEt68P,United States
3447,1,2019,5p7ujcrUXASCNwRaWNHR1C,31,Without Me,9,2019-01-01,Halsey,https://open.spotify.com/track/5p7ujcrUXASCNwRaWNHR1C,United States
3478,1,2019,6MWtB6iiXyIwun0YzU6DFP,31,Wow.,2,2019-01-01,Post Malone,https://open.spotify.com/track/6MWtB6iiXyIwun0YzU6DFP,United States
3509,2,2019,6MWtB6iiXyIwun0YzU6DFP,26,Wow.,4,2019-02-01,Post Malone,https://open.spotify.com/track/6MWtB6iiXyIwun0YzU6DFP,United States
3535,2,2019,2JvzF1RMd7lE3KmFlsyZD8,24,MIDDLE CHILD,2,2019-02-01,J. Cole,https://open.spotify.com/track/2JvzF1RMd7lE3KmFlsyZD8,United States
3559,2,2019,2IRZnDFmlqMuOrYOLnZZyc,22,Going Bad (feat. Drake),6,2019-02-01,Meek Mill,https://open.spotify.com/track/2IRZnDFmlqMuOrYOLnZZyc,United States
3581,2,2019,4kV4N9D1iKVxx1KLvtTpjS,21,"break up with your girlfriend, i'm bored",2,2019-02-08,Ariana Grande,https://open.spotify.com/track/4kV4N9D1iKVxx1KLvtTpjS,United States
3602,2,2019,6ocbgoVGwYJhOv1GgI9NsF,21,7 rings,1,2019-02-08,Ariana Grande,https://open.spotify.com/track/6ocbgoVGwYJhOv1GgI9NsF,United States
3623,3,2019,2JvzF1RMd7lE3KmFlsyZD8,31,MIDDLE CHILD,3,2019-03-01,J. Cole,https://open.spotify.com/track/2JvzF1RMd7lE3KmFlsyZD8,United States
3654,3,2019,4kV4N9D1iKVxx1KLvtTpjS,28,"break up with your girlfriend, i'm bored",5,2019-03-01,Ariana Grande,https://open.spotify.com/track/4kV4N9D1iKVxx1KLvtTpjS,United States
3682,3,2019,4y3OI86AEP6PQoDE6olYhO,28,Sucker,1,2019-03-01,Jonas Brothers,https://open.spotify.com/track/4y3OI86AEP6PQoDE6olYhO,United States
3710,3,2019,6MWtB6iiXyIwun0YzU6DFP,28,Wow.,6,2019-03-01,Post Malone,https://open.spotify.com/track/6MWtB6iiXyIwun0YzU6DFP,United States
3738,3,2019,6ocbgoVGwYJhOv1GgI9NsF,28,7 rings,2,2019-03-01,Ariana Grande,https://open.spotify.com/track/6ocbgoVGwYJhOv1GgI9NsF,United States
3766,4,2019,2Fxmhks0bxGSBdJ92vM42m,30,bad guy,1,2019-04-01,Billie Eilish,https://open.spotify.com/track/2Fxmhks0bxGSBdJ92vM42m,United States
3796,4,2019,2JvzF1RMd7lE3KmFlsyZD8,30,MIDDLE CHILD,10,2019-04-01,J. Cole,https://open.spotify.com/track/2JvzF1RMd7lE3KmFlsyZD8,United States
3826,4,2019,3KkXRkHbMCARz0aVfEt68P,30,Sunflower - Spider-Man: Into the Spider-Verse,8,2019-04-01,"Post Malone, Swae Lee",https://open.spotify.com/track/3KkXRkHbMCARz0aVfEt68P,United States
3856,4,2019,53CJANUxooaqGOtdsBTh7O,30,Old Town Road,2,2019-04-01,Lil Nas X,https://open.spotify.com/track/53CJANUxooaqGOtdsBTh7O,United States
3886,4,2019,1wJRveJZLSb1rjhnUHQiv6,27,Swervin (feat. 6ix9ine),8,2019-04-03,A Boogie Wit da Hoodie,https://open.spotify.com/track/1wJRveJZLSb1rjhnUHQiv6,United States
3913,5,2019,2Fxmhks0bxGSBdJ92vM42m,31,bad guy,2,2019-05-01,Billie Eilish,https://open.spotify.com/track/2Fxmhks0bxGSBdJ92vM42m,United States
3944,5,2019,6u7jPi22kF8CTQ3rb9DHE7,31,Old Town Road (feat. Billy Ray Cyrus) - Remix,1,2019-05-01,Lil Nas X,https://open.spotify.com/track/6u7jPi22kF8CTQ3rb9DHE7,United States
3975,5,2019,3KkXRkHbMCARz0aVfEt68P,30,Sunflower - Spider-Man: Into the Spider-Verse,4,2019-05-01,"Post Malone, Swae Lee",https://open.spotify.com/track/3KkXRkHbMCARz0aVfEt68P,United States
4005,5,2019,6LsAAHotRLMOHfCsSfYCsz,26,If I Can't Have You,3,2019-05-03,Shawn Mendes,https://open.spotify.com/track/6LsAAHotRLMOHfCsSfYCsz,United States
4031,5,2019,5qmq61DAAOUaW8AUo8xKhh,25,Truth Hurts,8,2019-05-06,Lizzo,https://open.spotify.com/track/5qmq61DAAOUaW8AUo8xKhh,United States
4056,6,2019,2Fxmhks0bxGSBdJ92vM42m,30,bad guy,2,2019-06-01,Billie Eilish,https://open.spotify.com/track/2Fxmhks0bxGSBdJ92vM42m,United States
4086,6,2019,5qmq61DAAOUaW8AUo8xKhh,30,Truth Hurts,6,2019-06-01,Lizzo,https://open.spotify.com/track/5qmq61DAAOUaW8AUo8xKhh,United States
4116,6,2019,6u7jPi22kF8CTQ3rb9DHE7,27,Old Town Road (feat. Billy Ray Cyrus) - Remix,1,2019-06-01,Lil Nas X,https://open.spotify.com/track/6u7jPi22kF8CTQ3rb9DHE7,United States
4143,6,2019,7DcvwMAiqKJQD1rrdfxSDx,27,The London (feat. J. Cole & Travis Scott),3,2019-06-01,Young Thug,https://open.spotify.com/track/7DcvwMAiqKJQD1rrdfxSDx,United States
4170,6,2019,3HVWdVOQ0ZA45FuZGSfvns,25,I Don't Care (with Justin Bieber),7,2019-06-01,Ed Sheeran,https://open.spotify.com/track/3HVWdVOQ0ZA45FuZGSfvns,United States
4195,7,2019,5qmq61DAAOUaW8AUo8xKhh,31,Truth Hurts,4,2019-07-01,Lizzo,https://open.spotify.com/track/5qmq61DAAOUaW8AUo8xKhh,United States
4226,7,2019,5ry2OE6R2zPQFDO85XkgRb,31,Money In The Grave (Drake ft. Rick Ross),3,2019-07-01,Drake,https://open.spotify.com/track/5ry2OE6R2zPQFDO85XkgRb,United States
4257,7,2019,6fTt0CH2t0mdeB2N9XFG5r,31,Panini,2,2019-07-01,Lil Nas X,https://open.spotify.com/track/6fTt0CH2t0mdeB2N9XFG5r,United States
4288,7,2019,1kBbgxAUc4HQv7cgIayIDH,29,Ransom,8,2019-07-01,Lil Tecca,https://open.spotify.com/track/1kBbgxAUc4HQv7cgIayIDH,United States
4317,7,2019,3KkXRkHbMCARz0aVfEt68P,29,Sunflower - Spider-Man: Into the Spider-Verse,10,2019-07-01,"Post Malone, Swae Lee",https://open.spotify.com/track/3KkXRkHbMCARz0aVfEt68P,United States
4346,8,2019,5qmq61DAAOUaW8AUo8xKhh,30,Truth Hurts,3,2019-08-01,Lizzo,https://open.spotify.com/track/5qmq61DAAOUaW8AUo8xKhh,United States
4376,8,2019,6v3KW9xbzN5yKLt9YKDYA2,30,Señorita,2,2019-08-01,"Shawn Mendes, Camila Cabello",https://open.spotify.com/track/6v3KW9xbzN5yKLt9YKDYA2,United States
4406,8,2019,1kBbgxAUc4HQv7cgIayIDH,29,Ransom,1,2019-08-01,Lil Tecca,https://open.spotify.com/track/1kBbgxAUc4HQv7cgIayIDH,United States
4435,8,2019,6vBdBCoOhKHiYDDOcorfNo,29,Goodbyes (Feat. Young Thug),4,2019-08-01,Post Malone,https://open.spotify.com/track/6vBdBCoOhKHiYDDOcorfNo,United States
4464,8,2019,5ry2OE6R2zPQFDO85XkgRb,27,Money In The Grave (Drake ft. Rick Ross),5,2019-08-01,Drake,https://open.spotify.com/track/5ry2OE6R2zPQFDO85XkgRb,United States
4491,9,2019,6vBdBCoOhKHiYDDOcorfNo,30,Goodbyes (Feat. Young Thug),5,2019-09-01,Post Malone,https://open.spotify.com/track/6vBdBCoOhKHiYDDOcorfNo,United States
4521,9,2019,6EOKwHETwSkZ9gW2b6ASE0,27,Ransom,2,2019-09-01,Lil Tecca,https://open.spotify.com/track/6EOKwHETwSkZ9gW2b6ASE0,United States
4548,9,2019,5qmq61DAAOUaW8AUo8xKhh,23,Truth Hurts,3,2019-09-01,Lizzo,https://open.spotify.com/track/5qmq61DAAOUaW8AUo8xKhh,United States
4571,9,2019,21jGcNKet2qwijlDFuPiPb,15,Circles,1,2019-09-16,Post Malone,https://open.spotify.com/track/21jGcNKet2qwijlDFuPiPb,United States
4586,9,2019,0RiRZpuVRbi7oqRdSMwhQY,14,Sunflower - Spider-Man: Into the Spider-Verse,10,2019-09-16,"Post Malone, Swae Lee",https://open.spotify.com/track/0RiRZpuVRbi7oqRdSMwhQY,United States
4600,10,2019,21jGcNKet2qwijlDFuPiPb,29,Circles,1,2019-10-01,Post Malone,https://open.spotify.com/track/21jGcNKet2qwijlDFuPiPb,United States
4629,10,2019,3eekarcy7kvN4yt5ZFzltW,27,HIGHEST IN THE ROOM,1,2019-10-04,Travis Scott,https://open.spotify.com/track/3eekarcy7kvN4yt5ZFzltW,United States
4656,10,2019,6Gg1gjgKi2AK4e0qzsR7sd,26,Bandit (with YoungBoy Never Broke Again),4,2019-10-04,Juice WRLD,https://open.spotify.com/track/6Gg1gjgKi2AK4e0qzsR7sd,United States
4682,10,2019,4sjiIpEv617LDXaidKioOI,24,223's (feat. 9lokknine),5,2019-10-01,YNW Melly,https://open.spotify.com/track/4sjiIpEv617LDXaidKioOI,United States
4706,10,2019,7aiClxsDWFRQ0Kzk5KI5ku,24,hot girl bummer,8,2019-10-03,blackbear,https://open.spotify.com/track/7aiClxsDWFRQ0Kzk5KI5ku,United States
4730,11,2019,21jGcNKet2qwijlDFuPiPb,30,Circles,3,2019-11-01,Post Malone,https://open.spotify.com/track/21jGcNKet2qwijlDFuPiPb,United States
4760,11,2019,3eekarcy7kvN4yt5ZFzltW,30,HIGHEST IN THE ROOM,1,2019-11-01,Travis Scott,https://open.spotify.com/track/3eekarcy7kvN4yt5ZFzltW,United States
4790,11,2019,6Gg1gjgKi2AK4e0qzsR7sd,30,Bandit (with YoungBoy Never Broke Again),4,2019-11-01,Juice WRLD,https://open.spotify.com/track/6Gg1gjgKi2AK4e0qzsR7sd,United States
4820,11,2019,1HfMVBKM75vxSfsQ5VefZ5,25,Lose You To Love Me,2,2019-11-01,Selena Gomez,https://open.spotify.com/track/1HfMVBKM75vxSfsQ5VefZ5,United States
4845,11,2019,7aiClxsDWFRQ0Kzk5KI5ku,21,hot girl bummer,8,2019-11-01,blackbear,https://open.spotify.com/track/7aiClxsDWFRQ0Kzk5KI5ku,United States
4866,12,2019,696DnlkuDOXcMAnKlTgXXK,30,ROXANNE,2,2019-12-01,Arizona Zervas,https://open.spotify.com/track/696DnlkuDOXcMAnKlTgXXK,United States
4896,12,2019,21jGcNKet2qwijlDFuPiPb,29,Circles,4,2019-12-01,Post Malone,https://open.spotify.com/track/21jGcNKet2qwijlDFuPiPb,United States
4925,12,2019,6Gg1gjgKi2AK4e0qzsR7sd,26,Bandit (with YoungBoy Never Broke Again),10,2019-12-01,Juice WRLD,https://open.spotify.com/track/6Gg1gjgKi2AK4e0qzsR7sd,United States
4951,12,2019,6Ozh9Ok6h4Oi1wUSLtBseN,26,BOP,9,2019-12-01,DaBaby,https://open.spotify.com/track/6Ozh9Ok6h4Oi1wUSLtBseN,United States
4977,12,2019,4TnjEaWOeW0eKTKIEvJyCa,25,Falling,8,2019-12-01,Trevor Daniel,https://open.spotify.com/track/4TnjEaWOeW0eKTKIEvJyCa,United States
5002,1,2020,0nbXyq5TXYPCO7pr3N8S4I,31,The Box,1,2020-01-01,Roddy Ricch,https://open.spotify.com/track/0nbXyq5TXYPCO7pr3N8S4I,United States
5033,1,2020,696DnlkuDOXcMAnKlTgXXK,30,ROXANNE,2,2020-01-01,Arizona Zervas,https://open.spotify.com/track/696DnlkuDOXcMAnKlTgXXK,United States
5063,1,2020,6Ozh9Ok6h4Oi1wUSLtBseN,29,BOP,4,2020-01-01,DaBaby,https://open.spotify.com/track/6Ozh9Ok6h4Oi1wUSLtBseN,United States
5092,1,2020,21jGcNKet2qwijlDFuPiPb,28,Circles,3,2020-01-01,Post Malone,https://open.spotify.com/track/21jGcNKet2qwijlDFuPiPb,United States
5120,1,2020,4TnjEaWOeW0eKTKIEvJyCa,25,Falling,8,2020-01-01,Trevor Daniel,https://open.spotify.com/track/4TnjEaWOeW0eKTKIEvJyCa,United States
5145,2,2020,0nbXyq5TXYPCO7pr3N8S4I,29,The Box,1,2020-02-01,Roddy Ricch,https://open.spotify.com/track/0nbXyq5TXYPCO7pr3N8S4I,United States
5174,2,2020,0sf12qNH5qcw8qpgymFOqD,29,Blinding Lights,7,2020-02-01,The Weeknd,https://open.spotify.com/track/0sf12qNH5qcw8qpgymFOqD,United States
5203,2,2020,5yY9lUy8nbvjM1Uyo1Uqoc,29,Life Is Good (feat. Drake),2,2020-02-01,Future,https://open.spotify.com/track/5yY9lUy8nbvjM1Uyo1Uqoc,United States
5232,2,2020,696DnlkuDOXcMAnKlTgXXK,27,ROXANNE,4,2020-02-01,Arizona Zervas,https://open.spotify.com/track/696DnlkuDOXcMAnKlTgXXK,United States
5259,2,2020,07KXEDMj78x68D884wgVEm,24,High Fashion (feat. Mustard),10,2020-02-03,Roddy Ricch,https://open.spotify.com/track/07KXEDMj78x68D884wgVEm,United States
5283,3,2020,0nbXyq5TXYPCO7pr3N8S4I,31,The Box,1,2020-03-01,Roddy Ricch,https://open.spotify.com/track/0nbXyq5TXYPCO7pr3N8S4I,United States
5314,3,2020,22LAwLoDA5b4AaGSkg6bKW,26,Blueberry Faygo,5,2020-03-01,Lil Mosey,https://open.spotify.com/track/22LAwLoDA5b4AaGSkg6bKW,United States
5340,3,2020,3Dv1eDb0MEgF93GpLXlucZ,23,Say So,2,2020-03-01,Doja Cat,https://open.spotify.com/track/3Dv1eDb0MEgF93GpLXlucZ,United States
5363,3,2020,4umIPjkehX1r7uhmGvXiSV,18,Intentions (feat. Quavo),6,2020-03-01,Justin Bieber,https://open.spotify.com/track/4umIPjkehX1r7uhmGvXiSV,United States
5381,3,2020,0sf12qNH5qcw8qpgymFOqD,16,Blinding Lights,3,2020-03-01,The Weeknd,https://open.spotify.com/track/0sf12qNH5qcw8qpgymFOqD,United States
5397,4,2020,0VjIjW4GlUZAMYd2vXMi3b,30,Blinding Lights,1,2020-04-01,The Weeknd,https://open.spotify.com/track/0VjIjW4GlUZAMYd2vXMi3b,United States
5427,4,2020,0nbXyq5TXYPCO7pr3N8S4I,30,The Box,2,2020-04-01,Roddy Ricch,https://open.spotify.com/track/0nbXyq5TXYPCO7pr3N8S4I,United States
5457,4,2020,22LAwLoDA5b4AaGSkg6bKW,30,Blueberry Faygo,3,2020-04-01,Lil Mosey,https://open.spotify.com/track/22LAwLoDA5b4AaGSkg6bKW,United States
5487,4,2020,127QTOFJsJQp5LbJbu3A1y,28,Toosie Slide,1,2020-04-03,Drake,https://open.spotify.com/track/127QTOFJsJQp5LbJbu3A1y,United States
5515,4,2020,24Yi9hE78yPEbZ4kxyoXAI,27,Roses - Imanbek Remix,8,2020-04-01,SAINt JHN,https://open.spotify.com/track/24Yi9hE78yPEbZ4kxyoXAI,United States
5542,5,2020,39Yp9wwQiSRIDOvrVg7mbk,31,THE SCOTTS,3,2020-05-01,"THE SCOTTS, Travis Scott, Kid Cudi",https://open.spotify.com/track/39Yp9wwQiSRIDOvrVg7mbk,United States
5573,5,2020,0VjIjW4GlUZAMYd2vXMi3b,30,Blinding Lights,6,2020-05-02,The Weeknd,https://open.spotify.com/track/0VjIjW4GlUZAMYd2vXMi3b,United States
5603,5,2020,0nbXyq5TXYPCO7pr3N8S4I,30,The Box,9,2020-05-02,Roddy Ricch,https://open.spotify.com/track/0nbXyq5TXYPCO7pr3N8S4I,United States
5633,5,2020,22LAwLoDA5b4AaGSkg6bKW,30,Blueberry Faygo,8,2020-05-02,Lil Mosey,https://open.spotify.com/track/22LAwLoDA5b4AaGSkg6bKW,United States
5663,5,2020,466cKvZn1j45IpxDdYZqdA,30,Toosie Slide,2,2020-05-01,Drake,https://open.spotify.com/track/466cKvZn1j45IpxDdYZqdA,United States
5693,6,2020,0VjIjW4GlUZAMYd2vXMi3b,30,Blinding Lights,6,2020-06-01,The Weeknd,https://open.spotify.com/track/0VjIjW4GlUZAMYd2vXMi3b,United States
5723,6,2020,0nbXyq5TXYPCO7pr3N8S4I,30,The Box,8,2020-06-01,Roddy Ricch,https://open.spotify.com/track/0nbXyq5TXYPCO7pr3N8S4I,United States
5753,6,2020,22LAwLoDA5b4AaGSkg6bKW,30,Blueberry Faygo,4,2020-06-01,Lil Mosey,https://open.spotify.com/track/22LAwLoDA5b4AaGSkg6bKW,United States
5783,6,2020,39Yp9wwQiSRIDOvrVg7mbk,30,THE SCOTTS,3,2020-06-01,"THE SCOTTS, Travis Scott, Kid Cudi",https://open.spotify.com/track/39Yp9wwQiSRIDOvrVg7mbk,United States
5813,6,2020,5RqR4ZCCKJDcBLIn4sih9l,30,Party Girl,5,2020-06-01,StaySolidRocky,https://open.spotify.com/track/5RqR4ZCCKJDcBLIn4sih9l,United States
5843,7,2020,7ytR5pFWmSjzHJIeQkgog4,27,ROCKSTAR (feat. Roddy Ricch),1,2020-07-01,DaBaby,https://open.spotify.com/track/7ytR5pFWmSjzHJIeQkgog4,United States
5870,7,2020,2MbdDtCv5LUVjYy9RuGTgC,22,"WHATS POPPIN (feat. DaBaby, Tory Lanez & Lil Wayne) - Remix",2,2020-07-01,"Tory Lanez, Jack Harlow",https://open.spotify.com/track/2MbdDtCv5LUVjYy9RuGTgC,United States
5892,7,2020,6o3QUC5oAE4g6WxRIFcZtb,18,Wishing Well,6,2020-07-10,Juice WRLD,https://open.spotify.com/track/6o3QUC5oAE4g6WxRIFcZtb,United States
5910,7,2020,7y7w4tl4MaRC2UMEj1mPtr,17,Come & Go (with Marshmello),2,2020-07-10,Juice WRLD,https://open.spotify.com/track/7y7w4tl4MaRC2UMEj1mPtr,United States
5927,7,2020,22LAwLoDA5b4AaGSkg6bKW,14,Blueberry Faygo,5,2020-07-01,Lil Mosey,https://open.spotify.com/track/22LAwLoDA5b4AaGSkg6bKW,United States
5941,8,2020,2MbdDtCv5LUVjYy9RuGTgC,31,"WHATS POPPIN (feat. DaBaby, Tory Lanez & Lil Wayne) - Remix",6,2020-08-01,"Tory Lanez, Jack Harlow",https://open.spotify.com/track/2MbdDtCv5LUVjYy9RuGTgC,United States
5972,8,2020,7ytR5pFWmSjzHJIeQkgog4,31,ROCKSTAR (feat. Roddy Ricch),2,2020-08-01,DaBaby,https://open.spotify.com/track/7ytR5pFWmSjzHJIeQkgog4,United States
6003,8,2020,2U5WueTLIK5WJLD7mvDODv,25,Wishing Well,4,2020-08-07,Juice WRLD,https://open.spotify.com/track/2U5WueTLIK5WJLD7mvDODv,United States
6028,8,2020,4Oun2ylbjFKMPTiaSbbCih,25,WAP (feat. Megan Thee Stallion),1,2020-08-07,Cardi B,https://open.spotify.com/track/4Oun2ylbjFKMPTiaSbbCih,United States
6053,8,2020,2Y0wPrPQBrGhoLn14xRYCG,24,Come & Go (with Marshmello),5,2020-08-07,Juice WRLD,https://open.spotify.com/track/2Y0wPrPQBrGhoLn14xRYCG,United States
6077,9,2020,0PvFJmanyNQMseIFrU708S,30,For The Night (feat. Lil Baby & DaBaby),4,2020-09-01,Pop Smoke,https://open.spotify.com/track/0PvFJmanyNQMseIFrU708S,United States
6107,9,2020,2SAqBLGA283SUiwJ3xOUVI,30,Laugh Now Cry Later (feat. Lil Durk),2,2020-09-01,Drake,https://open.spotify.com/track/2SAqBLGA283SUiwJ3xOUVI,United States
6137,9,2020,3tjFYV6RSFtuktYl3ZtYcq,30,Mood (feat. iann dior),3,2020-09-01,24kGoldn,https://open.spotify.com/track/3tjFYV6RSFtuktYl3ZtYcq,United States
6167,9,2020,4Oun2ylbjFKMPTiaSbbCih,30,WAP (feat. Megan Thee Stallion),1,2020-09-01,Cardi B,https://open.spotify.com/track/4Oun2ylbjFKMPTiaSbbCih,United States
6197,9,2020,2MbdDtCv5LUVjYy9RuGTgC,29,"WHATS POPPIN (feat. DaBaby, Tory Lanez & Lil Wayne) - Remix",8,2020-09-01,"Tory Lanez, Jack Harlow",https://open.spotify.com/track/2MbdDtCv5LUVjYy9RuGTgC,United States
6226,10,2020,0PvFJmanyNQMseIFrU708S,30,For The Night (feat. Lil Baby & DaBaby),4,2020-10-01,Pop Smoke,https://open.spotify.com/track/0PvFJmanyNQMseIFrU708S,United States
6256,10,2020,3tjFYV6RSFtuktYl3ZtYcq,30,Mood (feat. iann dior),3,2020-10-01,24kGoldn,https://open.spotify.com/track/3tjFYV6RSFtuktYl3ZtYcq,United States
6286,10,2020,4Oun2ylbjFKMPTiaSbbCih,30,WAP (feat. Megan Thee Stallion),1,2020-10-01,Cardi B,https://open.spotify.com/track/4Oun2ylbjFKMPTiaSbbCih,United States
6316,10,2020,7hxHWCCAIIxFLCzvDgnQHX,30,"Lemonade (feat. Gunna, Don Toliver & NAV)",2,2020-10-01,Internet Money,https://open.spotify.com/track/7hxHWCCAIIxFLCzvDgnQHX,United States
6346,10,2020,2SAqBLGA283SUiwJ3xOUVI,28,Laugh Now Cry Later (feat. Lil Durk),5,2020-10-01,Drake,https://open.spotify.com/track/2SAqBLGA283SUiwJ3xOUVI,United States
6374,11,2020,35mvY5S1H3J2QZyna3TFe0,30,positions,1,2020-11-01,Ariana Grande,https://open.spotify.com/track/35mvY5S1H3J2QZyna3TFe0,United States
6404,11,2020,7hxHWCCAIIxFLCzvDgnQHX,28,"Lemonade (feat. Gunna, Don Toliver & NAV)",5,2020-11-01,Internet Money,https://open.spotify.com/track/7hxHWCCAIIxFLCzvDgnQHX,United States
6432,11,2020,3tjFYV6RSFtuktYl3ZtYcq,27,Mood (feat. iann dior),3,2020-11-01,24kGoldn,https://open.spotify.com/track/3tjFYV6RSFtuktYl3ZtYcq,United States
6459,11,2020,47EiUVwUp4C9fGccaPuUCS,26,DÁKITI,9,2020-11-01,"Bad Bunny, Jhay Cortez",https://open.spotify.com/track/47EiUVwUp4C9fGccaPuUCS,United States
6485,11,2020,0PvFJmanyNQMseIFrU708S,24,For The Night (feat. Lil Baby & DaBaby),6,2020-11-01,Pop Smoke,https://open.spotify.com/track/0PvFJmanyNQMseIFrU708S,United States
6509,12,2020,0bYg9bo50gSsH3LtXe2SQn,25,All I Want for Christmas Is You,2,2020-12-01,Mariah Carey,https://open.spotify.com/track/0bYg9bo50gSsH3LtXe2SQn,United States
6534,12,2020,2EjXfH91m7f8HiJN1yQg97,25,Rockin' Around The Christmas Tree,3,2020-12-01,Brenda Lee,https://open.spotify.com/track/2EjXfH91m7f8HiJN1yQg97,United States
6559,12,2020,7vQbuQcyTflfCIOu3Uzzya,24,Jingle Bell Rock,6,2020-12-01,Bobby Helms,https://open.spotify.com/track/7vQbuQcyTflfCIOu3Uzzya,United States
6583,12,2020,1IcR6RlgvDczfvoWJSSY2A,23,It's the Most Wonderful Time of the Year,7,2020-12-01,Andy Williams,https://open.spotify.com/track/1IcR6RlgvDczfvoWJSSY2A,United States
6606,12,2020,2FRnf9qhLbvw8fu4IBXx78,20,Last Christmas,10,2020-12-01,Wham!,https://open.spotify.com/track/2FRnf9qhLbvw8fu4IBXx78,United States
6626,1,2021,3YJJjQPAbDT7mGpX3WtQ9A,31,Good Days,10,2021-01-01,SZA,https://open.spotify.com/track/3YJJjQPAbDT7mGpX3WtQ9A,United States
6657,1,2021,3tjFYV6RSFtuktYl3ZtYcq,30,Mood (feat. iann dior),1,2021-01-01,24kGoldn,https://open.spotify.com/track/3tjFYV6RSFtuktYl3ZtYcq,United States
6687,1,2021,7hxHWCCAIIxFLCzvDgnQHX,30,"Lemonade (feat. Gunna, Don Toliver & NAV)",4,2021-01-01,Internet Money,https://open.spotify.com/track/7hxHWCCAIIxFLCzvDgnQHX,United States
6717,1,2021,5vGLcdRuSbUhD8ScwsGSdA,29,Whoopty,8,2021-01-02,CJ,https://open.spotify.com/track/5vGLcdRuSbUhD8ScwsGSdA,United States
6746,1,2021,7lPN2DXiMsVn7XUKtOW1CS,24,drivers license,5,2021-01-08,Olivia Rodrigo,https://open.spotify.com/track/7lPN2DXiMsVn7XUKtOW1CS,United States
6770,2,2021,0VjIjW4GlUZAMYd2vXMi3b,28,Blinding Lights,9,2021-02-01,The Weeknd,https://open.spotify.com/track/0VjIjW4GlUZAMYd2vXMi3b,United States
6798,2,2021,3YJJjQPAbDT7mGpX3WtQ9A,28,Good Days,2,2021-02-01,SZA,https://open.spotify.com/track/3YJJjQPAbDT7mGpX3WtQ9A,United States
6826,2,2021,5QO79kh1waicV47BqGRL3g,28,Save Your Tears,4,2021-02-01,The Weeknd,https://open.spotify.com/track/5QO79kh1waicV47BqGRL3g,United States
6854,2,2021,60ynsPSSKe6O3sfwRnIBRf,28,Streets,3,2021-02-01,Doja Cat,https://open.spotify.com/track/60ynsPSSKe6O3sfwRnIBRf,United States
6882,2,2021,7lPN2DXiMsVn7XUKtOW1CS,28,drivers license,1,2021-02-01,Olivia Rodrigo,https://open.spotify.com/track/7lPN2DXiMsVn7XUKtOW1CS,United States
6910,3,2021,1M4OcYkxAtu3ErzSgDEfoi,31,Up,4,2021-03-01,Cardi B,https://open.spotify.com/track/1M4OcYkxAtu3ErzSgDEfoi,United States
6941,3,2021,5Kskr9LcNYa0tpt5f0ZEJx,30,Calling My Phone,2,2021-03-01,"Lil Tjay, 6LACK",https://open.spotify.com/track/5Kskr9LcNYa0tpt5f0ZEJx,United States
6971,3,2021,6tDDoYIxWvMLTdKpjFkc1B,30,telepatía,3,2021-03-01,Kali Uchis,https://open.spotify.com/track/6tDDoYIxWvMLTdKpjFkc1B,United States
7001,3,2021,7lPN2DXiMsVn7XUKtOW1CS,30,drivers license,1,2021-03-01,Olivia Rodrigo,https://open.spotify.com/track/7lPN2DXiMsVn7XUKtOW1CS,United States
7031,3,2021,7MAibcTli4IisCtbHKrGMh,26,Leave The Door Open,4,2021-03-05,"Bruno Mars, Anderson .Paak, Silk Sonic",https://open.spotify.com/track/7MAibcTli4IisCtbHKrGMh,United States
7057,4,2021,4iJyoBOLtHqaGxP12qzhQI,30,Peaches (feat. Daniel Caesar & Giveon),2,2021-04-01,Justin Bieber,https://open.spotify.com/track/4iJyoBOLtHqaGxP12qzhQI,United States
7087,4,2021,3VT8hOC5vuDXBsHrR53WFh,29,Astronaut In The Ocean,4,2021-04-01,Masked Wolf,https://open.spotify.com/track/3VT8hOC5vuDXBsHrR53WFh,United States
7116,4,2021,5nujrmhLynf4yMoMtj8AQF,28,Levitating (feat. DaBaby),9,2021-04-01,Dua Lipa,https://open.spotify.com/track/5nujrmhLynf4yMoMtj8AQF,United States
7144,4,2021,61KpQadow081I2AsbeLcsb,28,deja vu,3,2021-04-02,Olivia Rodrigo,https://open.spotify.com/track/61KpQadow081I2AsbeLcsb,United States
7172,4,2021,3FAJ6O0NOHQV8Mc5Ri6ENp,22,Heartbreak Anniversary,10,2021-04-01,Giveon,https://open.spotify.com/track/3FAJ6O0NOHQV8Mc5Ri6ENp,United States
7194,5,2021,748mdHapucXQri7IAO8yFK,27,Kiss Me More (feat. SZA),2,2021-05-01,Doja Cat,https://open.spotify.com/track/748mdHapucXQri7IAO8yFK,United States
7221,5,2021,43PGPuHIlVOc04jrZVh9L6,21,RAPSTAR,1,2021-05-01,Polo G,https://open.spotify.com/track/43PGPuHIlVOc04jrZVh9L6,United States
7242,5,2021,5nujrmhLynf4yMoMtj8AQF,18,Levitating (feat. DaBaby),6,2021-05-01,Dua Lipa,https://open.spotify.com/track/5nujrmhLynf4yMoMtj8AQF,United States
7260,5,2021,61KpQadow081I2AsbeLcsb,17,deja vu,7,2021-05-01,Olivia Rodrigo,https://open.spotify.com/track/61KpQadow081I2AsbeLcsb,United States
7277,5,2021,67BtfxlNbhBmCDR2L2l8qd,16,MONTERO (Call Me By Your Name),3,2021-05-01,Lil Nas X,https://open.spotify.com/track/67BtfxlNbhBmCDR2L2l8qd,United States
7293,6,2021,4ZtFanR9U6ndgddUvNcjcG,30,good 4 u,1,2021-06-01,Olivia Rodrigo,https://open.spotify.com/track/4ZtFanR9U6ndgddUvNcjcG,United States
7323,6,2021,6HU7h9RYOaPRFeh0R3UeAr,28,deja vu,2,2021-06-01,Olivia Rodrigo,https://open.spotify.com/track/6HU7h9RYOaPRFeh0R3UeAr,United States
7351,6,2021,5CZ40GBx1sQ9agT82CLQCT,27,traitor,3,2021-06-01,Olivia Rodrigo,https://open.spotify.com/track/5CZ40GBx1sQ9agT82CLQCT,United States
7378,6,2021,5nujrmhLynf4yMoMtj8AQF,25,Levitating (feat. DaBaby),6,2021-06-05,Dua Lipa,https://open.spotify.com/track/5nujrmhLynf4yMoMtj8AQF,United States
7403,6,2021,748mdHapucXQri7IAO8yFK,24,Kiss Me More (feat. SZA),5,2021-06-01,Doja Cat,https://open.spotify.com/track/748mdHapucXQri7IAO8yFK,United States
7427,7,2021,3DarAbFujv6eYNliUTyqtz,31,Kiss Me More (feat. SZA),2,2021-07-01,Doja Cat,https://open.spotify.com/track/3DarAbFujv6eYNliUTyqtz,United States
7458,7,2021,4ZtFanR9U6ndgddUvNcjcG,31,good 4 u,1,2021-07-01,Olivia Rodrigo,https://open.spotify.com/track/4ZtFanR9U6ndgddUvNcjcG,United States
7489,7,2021,3Wrjm47oTz2sjIgck11l5e,28,Beggin',9,2021-07-03,Måneskin,https://open.spotify.com/track/3Wrjm47oTz2sjIgck11l5e,United States
7517,7,2021,5nujrmhLynf4yMoMtj8AQF,27,Levitating (feat. DaBaby),6,2021-07-01,Dua Lipa,https://open.spotify.com/track/5nujrmhLynf4yMoMtj8AQF,United States
7544,7,2021,5lAnYvAIkSDNXqfo7DyFUm,25,Ain't Shit,10,2021-07-06,Doja Cat,https://open.spotify.com/track/5lAnYvAIkSDNXqfo7DyFUm,United States
7569,8,2021,27NovPIUIRrOZoCHxABJwK,29,INDUSTRY BABY (feat. Jack Harlow),2,2021-08-01,Lil Nas X,https://open.spotify.com/track/27NovPIUIRrOZoCHxABJwK,United States
7598,8,2021,5PjdY0CKGZdEuoNab3yDmX,29,STAY (with Justin Bieber),1,2021-08-01,The Kid LAROI,https://open.spotify.com/track/5PjdY0CKGZdEuoNab3yDmX,United States
7627,8,2021,3DarAbFujv6eYNliUTyqtz,28,Kiss Me More (feat. SZA),5,2021-08-01,Doja Cat,https://open.spotify.com/track/3DarAbFujv6eYNliUTyqtz,United States
7655,8,2021,3Vi5XqYrmQgOYBajMWSvCi,28,Need To Know,8,2021-08-01,Doja Cat,https://open.spotify.com/track/3Vi5XqYrmQgOYBajMWSvCi,United States
7683,8,2021,4RVwu0g32PAqgUiJoXsdF8,28,Happier Than Ever,3,2021-08-01,Billie Eilish,https://open.spotify.com/track/4RVwu0g32PAqgUiJoXsdF8,United States
7711,9,2021,0k1WUmIRnG3xU6fvvDVfRG,28,Way 2 Sexy (with Future & Young Thug),5,2021-09-03,Drake,https://open.spotify.com/track/0k1WUmIRnG3xU6fvvDVfRG,United States
7739,9,2021,2BcMwX1MPV6ZHP4tUT9uq6,28,Knife Talk (with 21 Savage ft. Project Pat),9,2021-09-03,Drake,https://open.spotify.com/track/2BcMwX1MPV6ZHP4tUT9uq6,United States
7767,9,2021,40iJIUlhi6renaREYGeIDS,28,Fair Trade (with Travis Scott),3,2021-09-03,Drake,https://open.spotify.com/track/40iJIUlhi6renaREYGeIDS,United States
7795,9,2021,5PjdY0CKGZdEuoNab3yDmX,28,STAY (with Justin Bieber),2,2021-09-01,The Kid LAROI,https://open.spotify.com/track/5PjdY0CKGZdEuoNab3yDmX,United States
7823,9,2021,02MWAaffLxlfxAUY7c5dvx,24,Heat Waves,9,2021-09-01,Glass Animals,https://open.spotify.com/track/02MWAaffLxlfxAUY7c5dvx,United States
7847,10,2021,02MWAaffLxlfxAUY7c5dvx,31,Heat Waves,5,2021-10-01,Glass Animals,https://open.spotify.com/track/02MWAaffLxlfxAUY7c5dvx,United States
7878,10,2021,0k1WUmIRnG3xU6fvvDVfRG,31,Way 2 Sexy (with Future & Young Thug),4,2021-10-01,Drake,https://open.spotify.com/track/0k1WUmIRnG3xU6fvvDVfRG,United States
7909,10,2021,2BcMwX1MPV6ZHP4tUT9uq6,31,Knife Talk (with 21 Savage ft. Project Pat),3,2021-10-01,Drake,https://open.spotify.com/track/2BcMwX1MPV6ZHP4tUT9uq6,United States
7940,10,2021,5PjdY0CKGZdEuoNab3yDmX,31,STAY (with Justin Bieber),2,2021-10-01,The Kid LAROI,https://open.spotify.com/track/5PjdY0CKGZdEuoNab3yDmX,United States
7971,10,2021,5Z9KJZvQzH6PFmb8SNkxuk,31,INDUSTRY BABY (feat. Jack Harlow),1,2021-10-01,Lil Nas X,https://open.spotify.com/track/5Z9KJZvQzH6PFmb8SNkxuk,United States
8002,11,2021,5Z9KJZvQzH6PFmb8SNkxuk,28,INDUSTRY BABY (feat. Jack Harlow),2,2021-11-01,Lil Nas X,https://open.spotify.com/track/5Z9KJZvQzH6PFmb8SNkxuk,United States
8030,11,2021,5PjdY0CKGZdEuoNab3yDmX,25,STAY (with Justin Bieber),3,2021-11-01,The Kid LAROI,https://open.spotify.com/track/5PjdY0CKGZdEuoNab3yDmX,United States
8055,11,2021,02MWAaffLxlfxAUY7c5dvx,23,Heat Waves,4,2021-11-01,Glass Animals,https://open.spotify.com/track/02MWAaffLxlfxAUY7c5dvx,United States
8078,11,2021,5enxwA8aAbwZbf5qCHORXi,19,All Too Well (10 Minute Version) (Taylor's Version) (From The Vault),1,2021-11-12,Taylor Swift,https://open.spotify.com/track/5enxwA8aAbwZbf5qCHORXi,United States
8097,11,2021,7sMBvZCSUl99bJLXZaLa0b,17,Smokin Out The Window,6,2021-11-12,"Bruno Mars, Anderson .Paak, Silk Sonic",https://open.spotify.com/track/7sMBvZCSUl99bJLXZaLa0b,United States
8114,12,2021,0bYg9bo50gSsH3LtXe2SQn,24,All I Want for Christmas Is You,9,2021-12-03,Mariah Carey,https://open.spotify.com/track/0bYg9bo50gSsH3LtXe2SQn,United States
8138,12,2021,2EjXfH91m7f8HiJN1yQg97,24,Rockin' Around The Christmas Tree,8,2021-12-03,Brenda Lee,https://open.spotify.com/track/2EjXfH91m7f8HiJN1yQg97,United States
8162,12,2021,5Z9KJZvQzH6PFmb8SNkxuk,22,INDUSTRY BABY (feat. Jack Harlow),2,2021-12-03,Lil Nas X,https://open.spotify.com/track/5Z9KJZvQzH6PFmb8SNkxuk,United States
8184,12,2021,7vQbuQcyTflfCIOu3Uzzya,22,Jingle Bell Rock,4,2021-12-04,Bobby Helms,https://open.spotify.com/track/7vQbuQcyTflfCIOu3Uzzya,United States
8206,12,2021,1IcR6RlgvDczfvoWJSSY2A,19,It's the Most Wonderful Time of the Year,9,2021-12-04,Andy Williams,https://open.spotify.com/track/1IcR6RlgvDczfvoWJSSY2A,United States
